Farm ID;Nivel riesgo deforestación desde oficina;Fase resultado
1671;Riesgo despreciable desde oficina;Fase 2
2112;Riesgo despreciable desde oficina;Fase 2
2123;Riesgo despreciable desde oficina;Fase 2
2148;Riesgo despreciable desde oficina;Fase 2
2155;Riesgo despreciable desde oficina;Fase 2
2306;Riesgo despreciable desde oficina;Fase 2
2318;Riesgo no despreciable desde oficina;Fase 3
2334;Riesgo despreciable desde oficina;Fase 2
2352;Riesgo despreciable desde oficina;Fase 2
2364;Riesgo despreciable desde oficina;Fase 2
2440;Riesgo despreciable desde oficina;Fase 2
2566;Riesgo despreciable desde oficina;Fase 2
2590;Riesgo despreciable desde oficina;Fase 2
2636;Riesgo despreciable desde oficina;Fase 2
2663;Riesgo despreciable desde oficina;Fase 2
2669;Riesgo despreciable desde oficina;Fase 2
2673;Riesgo despreciable desde oficina;Fase 2
2709;Riesgo despreciable desde oficina;Fase 2
2729;Riesgo despreciable desde oficina;Fase 2
2746;Riesgo despreciable desde oficina;Fase 2
2821;Riesgo despreciable desde oficina;Fase 2
2830;Riesgo despreciable desde oficina;Fase 2
2911;Riesgo despreciable desde oficina;Fase 2
2991;Riesgo despreciable desde oficina;Fase 2
3074;Riesgo despreciable desde oficina;Fase 2
3174;Riesgo despreciable desde oficina;Fase 2
3197;Riesgo despreciable desde oficina;Fase 2
3200;Riesgo despreciable desde oficina;Fase 2
3330;Riesgo no despreciable desde oficina;Fase 3
3396;Riesgo despreciable desde oficina;Fase 2
3442;Riesgo despreciable desde oficina;Fase 2
3500;Riesgo despreciable desde oficina;Fase 2
3502;Riesgo despreciable desde oficina;Fase 2
3580;Riesgo despreciable desde oficina;Fase 2
3587;Riesgo despreciable desde oficina;Fase 2
3730;Riesgo no despreciable desde oficina;Fase 3
3747;Riesgo despreciable desde oficina;Fase 2
3925;Riesgo despreciable desde oficina;Fase 2
4099;Riesgo despreciable desde oficina;Fase 2
4100;Riesgo despreciable desde oficina;Fase 2
4227;Riesgo despreciable desde oficina;Fase 2
4251;Riesgo despreciable desde oficina;Fase 2
4254;Riesgo despreciable desde oficina;Fase 2
4301;Riesgo despreciable desde oficina;Fase 2
5172;Riesgo despreciable desde oficina;Fase 2
5375;Riesgo no despreciable desde oficina;Fase 3
7076;Riesgo despreciable desde oficina;Fase 2
7418;Riesgo despreciable desde oficina;Fase 2
7433;Riesgo despreciable desde oficina;Fase 2
7459;Riesgo no despreciable desde oficina;Fase 3
7460;Riesgo despreciable desde oficina;Fase 2
7473;Riesgo despreciable desde oficina;Fase 2
7522;Riesgo despreciable desde oficina;Fase 2
7549;Riesgo despreciable desde oficina;Fase 2
7552;Riesgo no despreciable desde oficina;Fase 3
7554;Riesgo despreciable desde oficina;Fase 2
7569;Riesgo despreciable desde oficina;Fase 2
7660;Riesgo despreciable desde oficina;Fase 2
7677;Riesgo despreciable desde oficina;Fase 2
7688;Riesgo despreciable desde oficina;Fase 2
7730;Riesgo despreciable desde oficina;Fase 2
7731;Riesgo despreciable desde oficina;Fase 2
7734;Riesgo despreciable desde oficina;Fase 2
7757;Riesgo despreciable desde oficina;Fase 2
7761;Riesgo despreciable desde oficina;Fase 2
7768;Riesgo despreciable desde oficina;Fase 2
7821;Riesgo despreciable desde oficina;Fase 2
7887;Riesgo despreciable desde oficina;Fase 2
7915;Riesgo despreciable desde oficina;Fase 2
7926;Riesgo despreciable desde oficina;Fase 2
7931;Riesgo despreciable desde oficina;Fase 2
7978;Riesgo despreciable desde oficina;Fase 2
7981;Riesgo despreciable desde oficina;Fase 2
7995;Riesgo despreciable desde oficina;Fase 2
8001;Riesgo despreciable desde oficina;Fase 2
8006;Riesgo despreciable desde oficina;Fase 2
8008;Riesgo despreciable desde oficina;Fase 2
8025;Riesgo despreciable desde oficina;Fase 2
8166;Riesgo despreciable desde oficina;Fase 2
9128;Riesgo no despreciable desde oficina;Fase 3
9134;Riesgo despreciable desde oficina;Fase 2
9158;Riesgo despreciable desde oficina;Fase 2
9195;Riesgo despreciable desde oficina;Fase 2
9204;Riesgo despreciable desde oficina;Fase 2
9296;Riesgo despreciable desde oficina;Fase 2
9302;Riesgo no despreciable desde oficina;Fase 3
9361;Riesgo no despreciable desde oficina;Fase 3
9430;Riesgo despreciable desde oficina;Fase 2
9433;Riesgo despreciable desde oficina;Fase 2
9442;Riesgo despreciable desde oficina;Fase 2
9532;Riesgo despreciable desde oficina;Fase 2
9607;Riesgo no despreciable desde oficina;Fase 3
9698;Riesgo despreciable desde oficina;Fase 2
9734;Riesgo despreciable desde oficina;Fase 2
9768;Riesgo despreciable desde oficina;Fase 2
9834;Riesgo despreciable desde oficina;Fase 2
9847;Riesgo no despreciable desde oficina;Fase 3
9882;Riesgo despreciable desde oficina;Fase 2
9955;Riesgo despreciable desde oficina;Fase 2
9968;Riesgo despreciable desde oficina;Fase 2
11989;Riesgo despreciable desde oficina;Fase 2
12101;Riesgo despreciable desde oficina;Fase 2
12191;Riesgo no despreciable desde oficina;Fase 3
12346;Riesgo despreciable desde oficina;Fase 2
12426;Riesgo despreciable desde oficina;Fase 2
12516;Riesgo despreciable desde oficina;Fase 2
12683;Riesgo despreciable desde oficina;Fase 2
12693;Riesgo despreciable desde oficina;Fase 2
12709;Riesgo despreciable desde oficina;Fase 2
12920;Riesgo despreciable desde oficina;Fase 2
12932;Riesgo despreciable desde oficina;Fase 2
12940;Riesgo despreciable desde oficina;Fase 2
12944;Riesgo despreciable desde oficina;Fase 2
12951;Riesgo despreciable desde oficina;Fase 2
12957;Riesgo despreciable desde oficina;Fase 2
12991;Riesgo despreciable desde oficina;Fase 2
13006;Riesgo despreciable desde oficina;Fase 2
13124;Riesgo despreciable desde oficina;Fase 2
13250;Riesgo despreciable desde oficina;Fase 2
13274;Riesgo despreciable desde oficina;Fase 2
13289;Riesgo despreciable desde oficina;Fase 2
1004_D;Riesgo despreciable desde oficina;Fase 2
10073;Riesgo despreciable desde oficina;Fase 2
10081_A;Riesgo despreciable desde oficina;Fase 2
10084;Riesgo despreciable desde oficina;Fase 2
10105;Riesgo despreciable desde oficina;Fase 2
10108;Riesgo no despreciable desde oficina;Fase 3
10116_B;Riesgo despreciable desde oficina;Fase 2
10138;Riesgo despreciable desde oficina;Fase 2
10163;Riesgo despreciable desde oficina;Fase 2
10194;Riesgo no despreciable desde oficina;Fase 3
10205_A;Riesgo despreciable desde oficina;Fase 2
10226_D;Riesgo despreciable desde oficina;Fase 2
10237;Riesgo despreciable desde oficina;Fase 2
10389_A;Riesgo despreciable desde oficina;Fase 2
10406;Riesgo despreciable desde oficina;Fase 2
10647_C;Riesgo despreciable desde oficina;Fase 2
10717;Riesgo despreciable desde oficina;Fase 2
10772_I;Riesgo despreciable desde oficina;Fase 2
10779;Riesgo despreciable desde oficina;Fase 2
10783_B;Riesgo despreciable desde oficina;Fase 2
10812_A;Riesgo despreciable desde oficina;Fase 2
10881_C;Riesgo despreciable desde oficina;Fase 2
10881_E;Riesgo despreciable desde oficina;Fase 2
10979_B;Riesgo despreciable desde oficina;Fase 2
10992_A;Riesgo despreciable desde oficina;Fase 2
11014;Riesgo despreciable desde oficina;Fase 2
11131;Riesgo despreciable desde oficina;Fase 2
11157_C-11151_C;Riesgo despreciable desde oficina;Fase 2
11173_C;Riesgo despreciable desde oficina;Fase 2
11178_B;Riesgo despreciable desde oficina;Fase 2
11190_B;Riesgo despreciable desde oficina;Fase 2
11255;Riesgo no despreciable desde oficina;Fase 3
11272;Riesgo despreciable desde oficina;Fase 2
11309_B;Riesgo despreciable desde oficina;Fase 2
11377_A;Riesgo despreciable desde oficina;Fase 2
11422_C - 10785_C;Riesgo despreciable desde oficina;Fase 2
11427_A;Riesgo despreciable desde oficina;Fase 2
11431_D;Riesgo despreciable desde oficina;Fase 2
11577_A;Riesgo despreciable desde oficina;Fase 2
11645;Riesgo no despreciable desde oficina;Fase 3
11703_C;Riesgo despreciable desde oficina;Fase 2
11779_B;Riesgo despreciable desde oficina;Fase 2
11786_C;Riesgo despreciable desde oficina;Fase 2
11808;Riesgo no despreciable desde oficina;Fase 3
11929;Riesgo despreciable desde oficina;Fase 2
11955_E;Riesgo despreciable desde oficina;Fase 2
12017_B;Riesgo despreciable desde oficina;Fase 2
12156_B;Riesgo despreciable desde oficina;Fase 2
12668_A;Riesgo despreciable desde oficina;Fase 2
12692_B;Riesgo despreciable desde oficina;Fase 2
12700_B;Riesgo despreciable desde oficina;Fase 2
12970_C;Riesgo despreciable desde oficina;Fase 2
13081_A;Riesgo despreciable desde oficina;Fase 2
13081_C;Riesgo despreciable desde oficina;Fase 2
13117_A;Riesgo despreciable desde oficina;Fase 2
13340_B;Riesgo despreciable desde oficina;Fase 2
13340_C;Riesgo despreciable desde oficina;Fase 2
13340_D;Riesgo despreciable desde oficina;Fase 2
13340_E;Riesgo despreciable desde oficina;Fase 2
1649_B;Riesgo despreciable desde oficina;Fase 2
1907_B;Riesgo despreciable desde oficina;Fase 2
2016_A;Riesgo despreciable desde oficina;Fase 2
2099_A;Riesgo despreciable desde oficina;Fase 2
2126_C;Riesgo no despreciable desde oficina;Fase 3
2131_A;Riesgo no despreciable desde oficina;Fase 3
2310_B;Riesgo despreciable desde oficina;Fase 2
2351_A;Riesgo despreciable desde oficina;Fase 2
2354_A;Riesgo despreciable desde oficina;Fase 2
2439_b;Riesgo despreciable desde oficina;Fase 2
2500_B;Riesgo despreciable desde oficina;Fase 2
2556_B;Riesgo despreciable desde oficina;Fase 2
2573_C;Riesgo despreciable desde oficina;Fase 2
2621_A;Riesgo despreciable desde oficina;Fase 2
2656_B;Riesgo despreciable desde oficina;Fase 2
2656_C;Riesgo despreciable desde oficina;Fase 2
2662_C;Riesgo despreciable desde oficina;Fase 2
2692_A;Riesgo despreciable desde oficina;Fase 2
2724_A;Riesgo despreciable desde oficina;Fase 2
2820_B;Riesgo despreciable desde oficina;Fase 2
2820_C;Riesgo despreciable desde oficina;Fase 2
2829_B;Riesgo despreciable desde oficina;Fase 2
2839_A;Riesgo despreciable desde oficina;Fase 2
2850_A;Riesgo despreciable desde oficina;Fase 2
2890_C;Riesgo despreciable desde oficina;Fase 2
2903_C;Riesgo despreciable desde oficina;Fase 2
2919_A;Riesgo despreciable desde oficina;Fase 2
2956_B;Riesgo despreciable desde oficina;Fase 2
2961_A;Riesgo despreciable desde oficina;Fase 2
2993_C;Riesgo no despreciable desde oficina;Fase 3
3102_A;Riesgo no despreciable desde oficina;Fase 3
3112_C;Riesgo despreciable desde oficina;Fase 2
3178_A;Riesgo despreciable desde oficina;Fase 2
3179_A;Riesgo despreciable desde oficina;Fase 2
3181_B;Riesgo despreciable desde oficina;Fase 2
3185_A;Riesgo despreciable desde oficina;Fase 2
3380_A;Riesgo despreciable desde oficina;Fase 2
3452_C;Riesgo despreciable desde oficina;Fase 2
3577_A;Riesgo despreciable desde oficina;Fase 2
3714_B;Riesgo despreciable desde oficina;Fase 2
3825_A;Riesgo despreciable desde oficina;Fase 2
4097_A;Riesgo despreciable desde oficina;Fase 2
4097_B;Riesgo despreciable desde oficina;Fase 2
4662_B;Riesgo despreciable desde oficina;Fase 2
4702_B;Riesgo no despreciable desde oficina;Fase 3
4759_A;Riesgo despreciable desde oficina;Fase 2
5049_C;Riesgo despreciable desde oficina;Fase 2
5559_A;Riesgo despreciable desde oficina;Fase 2
5559_B;Riesgo despreciable desde oficina;Fase 2
5700_A;Riesgo despreciable desde oficina;Fase 2
5707_C;Riesgo despreciable desde oficina;Fase 2
5970_A;Riesgo despreciable desde oficina;Fase 2
6599_A;Riesgo despreciable desde oficina;Fase 2
7223_A;Riesgo despreciable desde oficina;Fase 2
7421_A;Riesgo despreciable desde oficina;Fase 2
7447_A;Riesgo despreciable desde oficina;Fase 2
7463_B;Riesgo despreciable desde oficina;Fase 2
7531_A;Riesgo despreciable desde oficina;Fase 2
7750_A;Riesgo despreciable desde oficina;Fase 2
7750_B;Riesgo despreciable desde oficina;Fase 2
7762_B;Riesgo despreciable desde oficina;Fase 2
7762_D;Riesgo despreciable desde oficina;Fase 2
7905_B;Riesgo despreciable desde oficina;Fase 2
7905_C;Riesgo despreciable desde oficina;Fase 2
7906_B;Riesgo despreciable desde oficina;Fase 2
7977_A;Riesgo despreciable desde oficina;Fase 2
7977_B;Riesgo despreciable desde oficina;Fase 2
7977_C;Riesgo despreciable desde oficina;Fase 2
7977_E;Riesgo despreciable desde oficina;Fase 2
8011_A;Riesgo despreciable desde oficina;Fase 2
8011_C;Riesgo despreciable desde oficina;Fase 2
8016_D;Riesgo despreciable desde oficina;Fase 2
8019_A;Riesgo despreciable desde oficina;Fase 2
8020_E;Riesgo despreciable desde oficina;Fase 2
8020_G;Riesgo despreciable desde oficina;Fase 2
8047_B;Riesgo despreciable desde oficina;Fase 2
8068_A;Riesgo despreciable desde oficina;Fase 2
8068_D;Riesgo despreciable desde oficina;Fase 2
8068_F;Riesgo despreciable desde oficina;Fase 2
8068_K;Riesgo despreciable desde oficina;Fase 2
8085_A;Riesgo despreciable desde oficina;Fase 2
8106_A;Riesgo despreciable desde oficina;Fase 2
8106_B;Riesgo despreciable desde oficina;Fase 2
8121_E;Riesgo despreciable desde oficina;Fase 2
8121_F;Riesgo despreciable desde oficina;Fase 2
8132_D;Riesgo despreciable desde oficina;Fase 2
8135_A;Riesgo despreciable desde oficina;Fase 2
8141_A;Riesgo despreciable desde oficina;Fase 2
8145_A;Riesgo despreciable desde oficina;Fase 2
8146_D;Riesgo despreciable desde oficina;Fase 2
8146_G;Riesgo despreciable desde oficina;Fase 2
8146_H;Riesgo despreciable desde oficina;Fase 2
8151_I;Riesgo despreciable desde oficina;Fase 2
8151_L;Riesgo despreciable desde oficina;Fase 2
8153_C;Riesgo despreciable desde oficina;Fase 2
8153_E;Riesgo despreciable desde oficina;Fase 2
8162_A;Riesgo despreciable desde oficina;Fase 2
8165_B;Riesgo despreciable desde oficina;Fase 2
8167_B;Riesgo despreciable desde oficina;Fase 2
8168_A;Riesgo despreciable desde oficina;Fase 2
8170_D;Riesgo despreciable desde oficina;Fase 2
8170_F;Riesgo despreciable desde oficina;Fase 2
8175_C;Riesgo despreciable desde oficina;Fase 2
8179_B;Riesgo despreciable desde oficina;Fase 2
8511_A;Riesgo despreciable desde oficina;Fase 2
8511_C;Riesgo despreciable desde oficina;Fase 2
8518_A;Riesgo despreciable desde oficina;Fase 2
8519_A;Riesgo despreciable desde oficina;Fase 2
8519_A;Riesgo despreciable desde oficina;Fase 2
9135_D;Riesgo despreciable desde oficina;Fase 2
9177_C;Riesgo despreciable desde oficina;Fase 2
9269_A;Riesgo despreciable desde oficina;Fase 2
9281_A;Riesgo despreciable desde oficina;Fase 2
9292_A;Riesgo despreciable desde oficina;Fase 2
9292_B;Riesgo despreciable desde oficina;Fase 2
9299_B;Riesgo despreciable desde oficina;Fase 2
9304_A;Riesgo no despreciable desde oficina;Fase 3
9304_B;Riesgo no despreciable desde oficina;Fase 3
9306_D;Riesgo despreciable desde oficina;Fase 2
9309_A;Riesgo despreciable desde oficina;Fase 2
9360_A;Riesgo despreciable desde oficina;Fase 2
9362_A;Riesgo despreciable desde oficina;Fase 2
9371_C;Riesgo no despreciable desde oficina;Fase 3
9426_A;Riesgo despreciable desde oficina;Fase 2
9451_A;Riesgo despreciable desde oficina;Fase 2
9480_A;Riesgo despreciable desde oficina;Fase 2
9480_B;Riesgo despreciable desde oficina;Fase 2
9521_A;Riesgo no despreciable desde oficina;Fase 3
9557_B;Riesgo despreciable desde oficina;Fase 2
9560_A;Riesgo no despreciable desde oficina;Fase 3
9565;Riesgo no despreciable desde oficina;Fase 3
9570_A;Riesgo no despreciable desde oficina;Fase 3
9570_B;Riesgo no despreciable desde oficina;Fase 3
9571_B;Riesgo no despreciable desde oficina;Fase 3
9571_D;Riesgo no despreciable desde oficina;Fase 3
9584_D;Riesgo no despreciable desde oficina;Fase 3
9675_B;Riesgo despreciable desde oficina;Fase 2
9677_C;Riesgo despreciable desde oficina;Fase 2
9755_B;Riesgo despreciable desde oficina;Fase 2
9766_A;Riesgo despreciable desde oficina;Fase 2
9767_A;Riesgo despreciable desde oficina;Fase 2
9767_G;Riesgo despreciable desde oficina;Fase 2
9769_A;Riesgo despreciable desde oficina;Fase 2
9769_B;Riesgo despreciable desde oficina;Fase 2
9769_F;Riesgo despreciable desde oficina;Fase 2
9769_H;Riesgo despreciable desde oficina;Fase 2
9769_O;Riesgo despreciable desde oficina;Fase 2
9824_C;Riesgo despreciable desde oficina;Fase 2
9849_A;Riesgo despreciable desde oficina;Fase 2
9918_C;Riesgo despreciable desde oficina;Fase 2
9923_A;Riesgo despreciable desde oficina;Fase 2
9923_B;Riesgo despreciable desde oficina;Fase 2
9929_B;Riesgo no despreciable desde oficina;Fase 3