FARM ID;AT RISK OF DEFORESTATION
8012;NO
8013;NO
8014;NO
8022;NO
8023;NO
8024;NO
8027;NO
8028;NO
8030;SI 
8032;NO
8034_A;NO
8034_B;SI
8034_C;NO
8036_A;NO
8036_B;NO
8038;NO
8042;NO
8051;NO
8052;NO
8056;SI 
8057;NO
8058;SI 
8059;NO
8062;NO
8064;NO
8069;NO
8070;SI 
8071;NO
8073;NO
8075;NO
8077;NO
8078;NO
8080;NO
8081;NO
8082;NO
8083;NO
8086;NO
8087;NO
8088;NO
8089;NO
8090;NO
8094;NO
8095;NO
8096;NO
8097;NO
8098;NO
8119_A;NO
8119_B;NO
8125;NO
8127_A;NO
8127_B;NO
8127_C;NO
8130;NO
8131_A;NO
8131_B;NO
8131_C;NO
8131_D;NO
8131_E;NO
8134_A;NO
8134_B;NO
8134_C;NO
8134_D;NO
8134_E;NO
8134_F;NO
8137;NO
8153_A;NO
8153_B;NO
8153_C;SI
8153_D;NO
8153_E;SI
8153_F;NO
8171_A;NO
8171_B;NO
8171_C;NO
8172;NO
8173;NO
8174;NO
8176;NO
8177_A;NO
8177_B;NO
8179_A;NO
8179_B;SI 
8179_C;NO
8179_D;NO
8180;NO
8292;NO
8305;NO
8315;NO
8511_A;SI
8511_B;NO
8511_C;SI
8519_A;SI
8519_B;NO
8520_A;NO
8520_B;NO
8520_C;NO
8520_D;NO
12499;NO
12501;NO
12549;NO
12551;NO
12552;NO
12553;NO
12554;NO
12555;NO
12557;NO
12559;NO
12560;NO
12562;NO
12564;NO
12566;NO
12567;NO
12570;NO
12571;NO
12572;NO
12575;NO
12577;NO
12578;NO
12579;NO
12580;NO
12585;NO
12586;NO
12587;NO
12588;NO
12589;NO
12590;NO
12591;NO
12593;NO
12594;NO
12598;NO
12599;NO
12601;NO
12603;NO
12608;SI 
12610;NO
12611;NO
12612;NO
12613;NO
12614;NO
12615;NO
12617;NO
12618;NO
12620;NO
12621;NO
12622;NO
12623_A;NO
12623_B;NO
12624;NO
12626;NO
12628;NO
12629;NO
12631;NO
12632;NO
12633;NO
12634;NO
12635;NO
12636_A;NO
12636_B;NO
12637_A;NO
12637_B;NO
12638_A;NO
12638_B;NO
12639;NO
12640_A;NO
12640_B;NO
12642;NO
12643;NO
12644;NO
12645;NO
12646;NO
12647;NO
12648;NO
12649;NO
12650;NO
12656;NO
12658;NO
12659;NO
12781;NO
12817;NO
12929;NO
13070;NO
13072_A;NO
13072_B;NO
13072_C;NO
13072_D;NO
13073_A;NO
13073_B;NO
13178;NO
13179;NO
13180;NO
13292;NO
13305;NO
13306_A;NO
13306_B;NO
13314;NO
13315;NO
13316;NO
13317;NO
13318_A;NO
13318_B;NO
13319;NO
13320;NO
13321;NO
13322;NO
13325;NO
13326;NO
13327;NO
13328;NO
13329;NO
13330;NO
13331;NO
13332;NO
13333;NO
13334;NO
13336;NO
13337;N/A
13338;NO
13341;NO
13342;NO
5693;NO
5695;NO
5696_A;NO
5696_B;NO
5696_C;NO
5697;NO
5698_A;NO
5698_B;NO
5699;NO
5700_A;SI
5700_B;NO
5702;NO
5703;NO
5705;NO
5706;NO
5707_A;NO
5707_B;NO
5707_C;SI
5708;NO
5710_A;NO
5710_B;NO
5710_C;NO
5710_D;NO
5711;NO
5715;NO
5716;NO
5717;NO
5718_A;NO
5718_B;NO
5719;NO
5720;NO
5721;NO
5723;NO
5724;NO
5725;NO
5726;NO
5727;NO
5728;NO
5729;NO
5730;NO
5731;NO
5732;NO
5733;NO
5734;NO
5735;NO
5736;NO
5737;NO
5738;NO
5739;NO
5740;NO
5742;NO
5743_A;NO
5743_B;NO
5743_C;NO
5743_D;NO
5745;NO
5746;NO
5748;NO
5749;NO
5750;NO
5752;NO
5753;NO
5754;NO
5755;NO
5756;NO
5757;NO
5758;NO
5759;NO
5760;NO
5761;NO
5762;NO
5763;NO
5764;NO
5765;NO
5766;NO
5767;NO
5768;NO
5769;NO
5772;NO
5773;NO
5774;NO
5775;NO
5778;NO
5779;NO
5780;NO
5781;NO
5782;NO
5784;NO
5785;NO
5786;NO
5787;NO
5788_A;NO
5788_B;NO
5788_C;NO
5789_A;NO
5789_B;NO
5790;NO
5791;NO
5792;NO
5793;NO
5794;NO
5795_A;NO
5795_B;NO
5797;NO
5799_A;NO
5799_B;NO
5800;NO
5801;NO
5802;NO
5803;NO
5804;NO
5805_A;NO
5805_B;NO
5805_C;NO
5806;NO
5807;NO
5810;NO
5812;NO
5813;NO
5819;NO
5820;NO
5821;NO
5822;NO
5823;NO
5824;NO
5825;NO
5827;NO
5828;NO
5829;NO
5831;NO
5832;NO
5833;NO
5834;NO
5835;NO
5836;NO
5837;NO
5838;NO
5839;NO
5840;NO
5841;NO
5842;NO
5843;NO
5844;NO
5845;NO
5846;NO
5847;NO
5848;NO
5849_A;NO
5849_B;NO
5850;NO
5851;NO
5852;NO
5853;NO
5854;NO
5855;NO
5856;NO
5857;NO
5859;NO
5860;NO
5861;NO
5862;NO
5863;NO
5864_A;NO
5864_B;NO
5865;NO
5866;NO
5867;NO
5868;NO
5869;NO
5871;NO
5873;NO
5874;NO
5875;NO
5876;NO
5877;NO
5878;NO
5879;NO
5880;NO
5881;NO
5882;NO
5883;NO
5884;NO
5885;NO
5886_A;NO
5886_B;NO
5887;NO
5888;NO
5889;NO
5890;NO
5892;NO
5893;NO
5894;NO
5895;NO
5896_A;NO
5896_B;NO
5896_C;NO
5896_D;NO
5898;NO
5899;NO
5900;NO
5901_A;NO
5901_B;NO
5901_C;NO
5902;NO
5903;NO
5904_A;NO
5904_B;NO
5904_C;NO
5904_D;NO
5906;NO
5907;NO
5909;NO
5910;NO
5912;NO
5913;NO
5914;NO
5916;NO
5917;NO
5918;NO
5919;NO
5920;NO
5922;NO
5923_A;NO
5923_B;NO
5924;NO
5926;NO
5930_A;NO
5930_B;NO
5930_C;NO
5931;NO
5932;NO
5934;NO
5936;NO
5937;NO
5938_A;NO
5938_B;NO
5938_C;NO
5939;NO
5941;NO
5946;NO
5947;NO
5948;NO
5949;NO
5950;NO
5951;NO
5952;NO
5953;NO
5954;NO
5957;NO
5958;NO
5960;NO
5961;NO
5963;NO
5964;NO
5965;NO
5968;NO
5969;NO
5970_A;SI 
5970_B;NO
5972;NO
5977;NO
5980;NO
5981;NO
5982;NO
5984;NO
5985;NO
5986;NO
5987;NO
5989;NO
5990;NO
5991;NO
5992;NO
5993;NO
5995;NO
5996;NO
5997;NO
5998;NO
5999;NO
6002;SI 
6003;NO
6005_A;NO
6005_B;NO
6006;NO
6007_A;NO
6007_B;NO
6007_C;NO
6007_D;NO
6007_E;NO
6008;NO
6009;NO
6010;NO
6011;NO
6012;NO
6013;NO
6014;NO
6015;NO
6016;NO
6017;NO
6018;NO
6019;NO
6021;NO
6022;NO
6023;NO
6024;NO
6026;NO
6028;NO
6030;NO
6031;NO
6038;NO
6039;NO
6040;NO
6041;NO
6042;NO
6043;NO
6044;NO
6045;NO
6046;NO
6047;NO
6048;NO
6049;NO
6050;NO
6051;NO
6052;NO
6053;NO
6054;NO
6055;NO
6056;NO
6057;NO
6058;NO
6059;NO
6060;NO
6061;NO
6062_A;NO
6062_B;NO
6062_C;NO
6063;NO
6064;NO
6065;NO
6066;NO
6067;NO
6068;NO
6069;NO
6070;NO
6071;NO
6072;NO
6073;NO
6074;NO
6075;NO
6076;NO
6077;NO
6079;NO
6080;NO
6081;NO
6082;NO
6083;NO
6085;NO
6086;NO
6087;NO
6088;NO
6089;NO
6091;NO
6095;NO
6097;NO
6099;NO
6100;NO
6101;NO
6102;NO
6105;NO
6106;NO
6107;NO
6109;NO
6110;NO
6111;NO
6113;NO
6114;NO
6117;NO
6118;NO
6120;NO
6121;NO
6122;NO
6125;NO
6126;NO
6127;NO
6128;NO
6129;NO
6131;NO
6132;NO
6133;NO
6136;NO
6138;NO
6139;NO
6140;NO
6143;NO
6144;NO
6145;NO
6146;NO
6148;NO
6150;NO
6151;NO
6152;NO
6153;NO
6154;NO
6155;NO
6157;NO
6158;NO
6160;NO
6161;NO
6162;NO
6163_A;NO
6163_B;NO
6164;NO
6165;NO
6166_A;NO
6166_B;NO
6167;NO
6168;NO
6169;NO
6170_A;NO
6170_B;NO
6171;NO
6172;NO
6173;NO
6174;NO
6175;NO
6176;NO
6177;NO
6178;NO
6180_A;NO
6180_B;NO
6180_C;NO
6181;NO
6182;NO
6183;NO
6184;NO
6185;NO
6186;NO
6187;NO
6188;NO
6189;NO
6190;NO
6190_A;NO
6190_B;NO
6191;NO
6192;NO
6193;NO
6194;NO
6195;NO
6196;NO
6197;NO
6198;NO
6199;NO
6200;NO
6201;NO
6203;NO
6204;NO
6208;NO
6212;NO
6214;NO
6217;NO
6218_A;NO
6218_B;NO
6218_C;NO
6218_D;NO
6219_A;NO
6219_B;NO
6220;NO
6221_A;NO
6221_B;NO
6221_C;NO
6222_A;NO
6222_B;NO
6226;NO
6227;NO
6228;NO
6229;NO
6236;NO
6239;NO
6240;NO
6242;NO
6244;NO
6245;NO
6251_A;NO
6251_B;NO
6252;NO
6256;NO
6257;NO
6258;NO
6259;NO
6260;NO
6261;NO
6262;NO
6270;NO
6271;NO
6272;NO
6273;NO
6274;NO
6275;NO
6277;NO
6278;NO
6279;NO
6280;NO
6281;NO
6284;NO
6285;NO
6286;NO
6287;NO
6288;NO
6289;NO
6291;NO
6293;NO
6296;NO
6298;NO
6299;NO
6300;NO
6302;NO
6304;NO
6305;NO
6309;NO
6320;NO
6322;NO
6323;NO
6324;NO
6325;NO
6326;NO
6327;NO
6328;NO
6329;NO
6330_A;NO
6330_B;NO
6331;NO
6332;NO
6333;NO
6334;NO
6335;NO
6337;NO
6338_A;NO
6338_B;NO
6338_C;NO
6338_D;NO
6340;NO
6341_A;NO
6341_B;NO
6341_C;NO
6342_A;NO
6342_B;NO
6342_C;NO
6342_D;NO
6342_E;NO
6343;NO
6346;NO
6347;NO
6348_A;NO
6348_B;NO
6348_C;NO
6348_D;NO
6349_A;NO
6349_B;NO
6350;NO
6351;NO
6352;NO
6353;NO
6354;NO
6355;SI 
6356;NO
6357;NO
6358;NO
6359;NO
6360;NO
6361;NO
6362;NO
6363;NO
6368;NO
6369;NO
6370_A;NO
6370_B;NO
6370_C;NO
6370_D;NO
6371;NO
6374;NO
6375;NO
6376;NO
6377;NO
6378;NO
6379;NO
6380;NO
6381;NO
6382;NO
6383;NO
6385;NO
6386;NO
6387;NO
6388;NO
6389;NO
6390;NO
6393;NO
6395;NO
6396;NO
6399;NO
6400_A;NO
6400_B;NO
6401;NO
6402_A;NO
6402_B;NO
6402_C;NO
6402_D;NO
6403;NO
6405;NO
6406;NO
6407;NO
6408;NO
6410;NO
6411;NO
6412_A;NO
6412_B;NO
6413;NO
6414;NO
6415;NO
6416;NO
6417;NO
6418;NO
6419;NO
6420;NO
6421;NO
6422;NO
6423;NO
6424;NO
6425;NO
6426;NO
6427;NO
6428;NO
6429;NO
6430;NO
6431;NO
6432;NO
6433;NO
6434;NO
6435;NO
6436;NO
6438;NO
6439;NO
6440;NO
6441;NO
6442;NO
6443;NO
6444;NO
6445;NO
6446;NO
6447;NO
6448;NO
6449;NO
6450_A;NO
6450_B;NO
6450_C;NO
6451;NO
6452;NO
6453;NO
6454;NO
6455;NO
6456;NO
6457;NO
6458;NO
6459;NO
6460;NO
6461_A;NO
6461_B;NO
6462;NO
6463;NO
6464;NO
6465;NO
6466;NO
6467;NO
6468;NO
6471;NO
6472;NO
6473_A;NO
6473_B;NO
6474;NO
6475;NO
6477;NO
6478;NO
6479;NO
6480;NO
6486;NO
6487;NO
6488;NO
6489;NO
6490;NO
6491;NO
6492;NO
6493;NO
6494;NO
6496;NO
6497;NO
6498;NO
6499;NO
6500;NO
6501;NO
6503;NO
6504;NO
6505;NO
6506;NO
6507;NO
6508;NO
6509;NO
6510;NO
6512_A;NO
6512_B;NO
6513;NO
6514;SI 
6515;NO
6517;NO
6518;NO
6519;NO
6520;NO
6521;NO
6522;NO
6523;SI 
6528;NO
6530;NO
6531;NO
6532;NO
6533;NO
6534;NO
6536;NO
6539;NO
6540;NO
6541;NO
6542;NO
6545;NO
6546;NO
6547;NO
6548;NO
6549;NO
6550;NO
6551;NO
6552_A;NO
6552_B;NO
6552_C;NO
6553;NO
6554;NO
6556;NO
6557;NO
6558;NO
6559;NO
6560;NO
6561;NO
6562;NO
6563;NO
6564;NO
6565;NO
6566;NO
6567;NO
6568;NO
6569;NO
6571_A;NO
6571_B;NO
6571_C;NO
6571_D;NO
6572;NO
6573;NO
6574;NO
6576;NO
6577;NO
6578;NO
6580;NO
6581;NO
6582;NO
6583;NO
6584;NO
6586;NO
6587;NO
6588;NO
6589;NO
6591;NO
6592;NO
6593;NO
6594;NO
6596;NO
6599_A;SI 
6599_B;NO
6599_C;NO
6600;NO
6601;NO
6602;NO
6603_A;NO
6603_B;NO
6604;NO
6605;NO
6606;NO
6607;NO
6609;NO
6611;NO
6612;NO
6614;NO
6616;NO
6617;NO
6618;NO
6619;NO
6629;NO
6630;NO
6631;NO
6633;NO
6635_A;NO
6635_B;NO
6635_C;NO
6635_D;NO
6636;NO
6638;NO
6639;NO
6640;NO
6641;NO
6642;NO
6647;NO
6648;NO
6649;NO
6650_A;NO
6650_B;NO
6651;NO
6652;NO
6653;NO
6654;NO
6656;NO
6657;NO
6658;NO
6659;NO
6662;NO
6663;NO
6664;NO
6665;NO
6666;NO
6669_A;NO
6669_B;NO
6670;NO
6671;NO
6672;NO
6674;NO
6675;NO
6676;NO
6678;NO
6679;NO
6679_A;NO
6679_B;NO
6681;NO
6682;NO
6683;NO
6684;NO
6686;NO
6687;NO
6688_A;NO
6688_B;NO
6690;NO
6691;NO
6692;NO
6693;NO
6694;NO
6695;NO
6696;NO
6697;NO
6698;NO
6699_A;NO
6699_B;NO
6699_C;NO
6699_D;NO
6700;NO
6701;NO
6702;NO
6703;NO
6704;NO
6705;NO
6706;NO
6707;NO
6709;NO
6710;NO
6711;NO
6712;NO
6714;NO
6717;NO
6718;NO
6719;NO
6720;NO
6721;NO
6722;NO
6723;NO
6724;NO
6725;NO
6726;NO
6727;NO
6728;NO
6729;NO
6730;NO
6731;NO
6732_A;NO
6732_B;NO
6733;NO
6734;NO
6735;NO
6736;NO
6737;NO
6738;NO
6739;NO
6742;NO
6743;NO
6744;NO
6745;NO
6747;NO
6748;NO
6749;NO
6751;NO
6752;NO
6753;NO
6754;NO
6755;NO
6756;NO
6757;NO
6758;NO
6759;NO
6760;NO
6761;NO
6762;NO
6764;NO
6769;NO
6770;NO
6771;NO
6772;NO
6773;NO
6774;NO
6776;NO
6779_A;NO
6779_B;NO
6779_C;NO
6780;NO
6781_A;NO
6781_B;NO
6782_A;NO
6782_B;NO
6782_C;NO
6782_D;NO
6782_E;NO
6782_F;NO
6783;NO
6786;NO
6787;NO
6788;NO
6789;NO
6790;NO
6791;NO
6792;NO
6793;NO
6795;NO
6796;NO
6797;NO
6798;NO
6799;NO
6800;NO
6801;NO
6802;NO
6803;NO
6804;NO
6805;NO
6806;NO
6807;NO
6811;NO
6813;NO
6814;NO
6815;NO
6816;NO
6817;NO
6818;NO
6819;NO
6820;NO
6821;NO
6824;NO
6825;NO
6826;NO
6827;NO
6828;NO
6831;NO
6832;NO
6834;NO
6836;NO
6837;NO
6838;NO
6839;NO
6840;NO
6841;NO
6842;NO
6843;NO
6844;NO
6845;NO
6846;NO
6847;NO
6848;NO
6849;NO
6850;NO
6851;NO
6852;NO
6853;NO
6856;NO
6857;NO
6860;NO
6863;NO
6864;NO
6865;NO
6866;NO
6867;NO
6870;NO
6871;NO
6872_A;NO
6872_B;NO
6872_C;NO
6873;NO
6874;NO
6875;NO
6876_A;NO
6876_B;NO
6877_A;NO
6877_B;NO
6877_C;NO
6878;NO
6881;NO
6882;NO
6883;NO
6884;NO
6885;NO
6886;NO
6887;NO
6888;NO
6889;NO
6890;NO
6892;NO
6893;NO
6894;NO
6895;NO
6896;NO
6897;NO
6898;NO
6899;NO
6900;NO
6901;NO
6902_A;NO
6902_B;NO
6902_C;NO
6903;NO
6904;NO
6905;NO
6906;NO
6907;NO
6908;NO
6909_A;NO
6909_B;NO
6909_C;NO
6909_D;NO
6909_E;NO
6910;NO
6911;NO
6912;NO
6913;NO
6914;NO
6915;NO
6916;NO
6917;NO
6918;NO
6919;NO
7223_A;SI
7223_B;NO
7231;NO
7232;NO
7233;NO
7234;NO
7235;NO
7236;NO
7237;NO
7238;NO
7239;NO
7240;NO
7241;NO
7242;NO
7243;NO
7244;NO
7245;NO
7246;NO
7247;NO
7248;NO
7249;NO
7250;NO
7251;NO
7252;NO
7253;NO
7254;NO
7255;NO
7256;NO
7257;NO
7258;NO
7259;NO
7260;NO
7261;NO
7262;NO
7263;NO
7264;NO
7265;NO
7266;NO
7267;NO
7268_A;NO
7268_B;NO
7269;NO
7270;NO
7271;NO
7272;NO
7273;NO
7274;NO
7275;NO
7276;SI 
7277;NO
7278;NO
7279_A;NO
7279_B;NO
7280;NO
7281;NO
7282;NO
7283;NO
7284;NO
7285;NO
7286;NO
7287;NO
7288;NO
7289;NO
7290;NO
7291;NO
7292;NO
7293;NO
7294;NO
7295;NO
7296;NO
7297;NO
7299;NO
7300;NO
7301;NO
7302;NO
7305;NO
7306;NO
7307;NO
7309;NO
7310;NO
7311;NO
7312;NO
7315;NO
7316;NO
7317;NO
7318;NO
7319;NO
7320;NO
7321;NO
7322;NO
7323;NO
7324;NO
7326;NO
7327;NO
7328;NO
7329;NO
7330;NO
7331;NO
7332;NO
7333;NO
7334_A;NO
7334_B;NO
7335;NO
7336;NO
7337;NO
7338;NO
7339;NO
7340;NO
7341;NO
7342;NO
7343;NO
7344;NO
7345;NO
7347;NO
7348;NO
7349;NO
7350;NO
7351;NO
7353;NO
7354;NO
7355;NO
7356;NO
7357;NO
7358;NO
7360;NO
7361;NO
7362;NO
7363;NO
7364;NO
7365;NO
7366;NO
7367;NO
7368;NO
7369;NO
7371;NO
7372;NO
7373;NO
7374;NO
7375;NO
7376;NO
7377;NO
7378;NO
7379;NO
7380;NO
7381;NO
7382;NO
7383;NO
7384;NO
7385;NO
7386;NO
7387;NO
7388;NO
7389;NO
7390;NO
7391;NO
7392;NO
7393;NO
7394;NO
7395;NO
7396;NO
7397;NO
7398;NO
7399;NO
7400;NO
7401;NO
7402;NO
7403;NO
7404;NO
7405;NO
7407;NO
7408;NO
7409;NO
7410;NO
7411;NO
7631;NO
12267;NO
12268;NO
12444;NO
12445;NO
12446;NO
12447;NO
12448;NO
12449;SI 
12450;NO
12451;NO
12453;NO
12454;NO
12457;NO
12458;SI 
12459;NO
12460;NO
12461;NO
12463;NO
12464;NO
12465;NO
12466;NO
12468;SI 
12469;NO
12470;NO
12471;NO
12472;NO
12473;NO
12474;NO
12475;NO
12476;NO
12477;NO
12478;NO
12479;NO
12480;NO
12481;NO
12482;NO
12483;NO
12484;NO
12485;NO
12486;NO
12488;NO
12494;NO
12495;NO
12496;NO
12504;NO
12505;NO
12515;NO
12516;SI 
12517;NO
12664_A;NO
12664_B;NO
12665;NO
12666;NO
12667_A;NO
12667_B;NO
12667_C;NO
12668_A;SI
12668_B;NO
12668_C;NO
12669;NO
12670;NO
12671_A;NO
12671_B;NO
12673;NO
12676;NO
12677;NO
12679_A;NO
12679_B;NO
12680;NO
12681;NO
12682;NO
12685;NO
12686;NO
12687;NO
12690_A;NO
12690_B;NO
12691;NO
12694;NO
12695;NO
12696;NO
12697_A;NO
12697_B;NO
12698;SI 
12699;NO
12700_A;NO
12700_B;SI
12702;SI 
12703;NO
12704;NO
12705;NO
12706;NO
12707;NO
12708;NO
12709;SI
12711_A;NO
12711_B;NO
12711_C;NO
12712;NO
12713;NO
12714;NO
12715;NO
12775;NO
12844;NO
12886;NO
12932;SI
12938;SI 
12939;NO
12940;SI
12941;NO
12942;NO
12943;NO
12945;NO
12946;NO
12947;NO
12948;NO
12949;NO
12950;NO
12951;SI
12952;NO
12953;NO
12954;NO
12955;NO
12956;NO
12958_A;NO
12958_B;NO
12958_C;NO
12958_D;NO
12959;NO
12960;NO
12961;NO
12962;NO
12963_A;NO
12963_B;NO
12963_C;NO
12964;NO
12965;NO
12966;NO
12967;SI 
12968;NO
12969;NO
12970_A;NO
12970_B;NO
12970_C;SI 
12972;NO
12974;NO
12975;NO
12976;NO
12977;NO
12978;NO
12979;NO
12980;NO
12981;NO
12982;NO
12983;NO
12985;NO
12986;NO
12987;NO
12988;NO
12989;NO
12990;NO
12991;SI
12992;NO
12993;NO
12994;NO
12995;NO
12996;NO
12997;NO
12998;NO
12999;NO
13000;NO
13001;NO
13002;NO
13003;NO
13004;NO
13005;NO
13006;SI
13007;NO
13008;SI 
13009;NO
13010;NO
13011;NO
13012;NO
13013;NO
13014;NO
13015;NO
13016;NO
13017;NO
13018;NO
13019;NO
13020;SI 
13021;NO
13022;NO
13023;NO
13024;SI 
13025;NO
13026;NO
13027;NO
13028;NO
13029;NO
13030;NO
13031;NO
13032;NO
13033;NO
13034;NO
13035_A;NO
13035_B;NO
13036;NO
13037;NO
13039;NO
13040;NO
13041;NO
13042;NO
13043;NO
13044_A;NO
13044_B;NO
13045;NO
13046;SI 
13047;NO
13048_A;NO
13048_B;NO
13048_C;NO
13048_D;NO
13048_E;NO
13049;NO
13050;NO
13051;NO
13052;NO
13053;NO
13054;NO
13055;NO
13056;SI 
13057_A;NO
13057_B;NO
13057_C;NO
13057_D;NO
13057_E;NO
13057_F;NO
13057_G;NO
13057_H;NO
13058_A;NO
13058_B;NO
13059;NO
13061_A;NO
13061_B;NO
13061_C;NO
13067;NO
13074;NO
13075;NO
13128;NO
13140;NO
13144;NO
13148;NO
13163;NO
13190;NO
13295;NO
1626;NO
1627;NO
1633_A;NO
1633_B;NO
1637;NO
1638_A;NO
1638_B;NO
1659;NO
1661;NO
1663;NO
1665;NO
1671;SI
1684;NO
1686;NO
1694;NO
1697;NO
1698;SI 
1701_A;NO
1701_B;NO
1728_A;NO
1728_B;NO
1733;NO
1751;NO
1779;NO
1786_A;NO
1786_B;NO
1786_C;NO
1835;NO
1836;NO
1839;NO
1858;NO
1925_A;NO
1925_B;NO
1925_C;NO
1925_D;NO
1955;NO
1956;NO
1957;SI 
1962;NO
1963_A;NO
1963_B;NO
1966;NO
1967;NO
1968;NO
1971;NO
1973_A;NO
1973_B;NO
1974;NO
1975_A;NO
1975_B;NO
1976;NO
1977;NO
1979;NO
1981;NO
1989;NO
1990;NO
1991;NO
1995_A;NO
1995_B;NO
1998;NO
2000_A;NO
2000_B;NO
2000_C;NO
2002;NO
2004;NO
2007;NO
2010;NO
2016;NO
2017;NO
2022;NO
2031;NO
2032;NO
2042;SI 
2043;NO
2044;NO
2063;NO
2065;SI 
2067;NO
2068_A;NO
2068_B;NO
2069;NO
2071;NO
2073;NO
2075;NO
2077;NO
2079;NO
2080;NO
2081;NO
2082;NO
2086;NO
2092;NO
2097;NO
2100;NO
2103;NO
2104;NO
2111;NO
2114;NO
2115;NO
2116;NO
2117;NO
2118;NO
2119;NO
2123;SI 
2126_A;NO
2126_B;NO
2126_C;SI 
2128;NO
2129;NO
2130_A;NO
2130_B;NO
2130_C;NO
2131_A;SI
2131_B;NO
2132;NO
2133_A;NO
2133_B;NO
2134;NO
2137;NO
2148;SI 
2155;SI
2157;NO
2158;NO
2162;NO
2163;NO
2165;NO
2171;NO
2172;NO
2173;NO
2174;NO
2176;SI 
2182;NO
2183;NO
2282_A;NO
2282_B;NO
2282_C;NO
2282_D;NO
2295;NO
2296;NO
2297;NO
2298;NO
2299;NO
2302;NO
2305;NO
2310_A;NO
2310_B;SI
2312;NO
2313;NO
2315;NO
2316;NO
2318;SI 
2319;NO
2328;NO
2329;NO
2330;NO
2334;SI
2335;NO
2337;NO
2340;NO
2343_B;NO
2345;NO
2351_A;SI
2351_B;NO
2352;SI
2355;NO
2356;SI 
2357;NO
2358;NO
2361;NO
2362;NO
2365;NO
2366;NO
2367;NO
2378;NO
2382;NO
2384;NO
2388;NO
2391;NO
2394;NO
2398;NO
2400;NO
2401;NO
2403;NO
2404;NO
2407;NO
2411;SI 
2412;NO
2415;NO
2417_A;NO
2417_B;NO
2417_C;NO
2418_A;NO
2418_B;NO
2420_A;NO
2420_B;NO
2420_C;NO
2421;NO
2426;SI 
2427;NO
2429;NO
2430;NO
2431;NO
2433;NO
2435;NO
2439_A;NO
2439_B;SI 
2440;SI
2444;NO
2445;NO
2446;NO
2447;NO
2449;NO
2450;NO
2454;NO
2455;NO
2458;NO
2461;SI 
2463;NO
2469;NO
2473;NO
2478;NO
2487;NO
2488;NO
2492;NO
2494;NO
2497;NO
2500_A;NO
2500_B;SI 
2503;NO
2506;NO
2508_A;NO
2508_B;NO
2508_C;NO
2510;NO
2514;NO
2523;NO
2525;NO
2531;NO
2540;NO
2541;NO
2542;NO
2553;NO
2554;NO
2566;SI
2567;NO
2569;NO
2572;NO
2577;NO
2579;NO
2581;NO
2590;SI
2591;NO
2595;NO
2596;NO
2597;NO
2600;NO
2606;NO
2608;NO
2615;NO
2622;NO
2625;NO
2627;NO
2628;NO
2629;NO
2630;NO
2631;NO
2633;SI 
2634;NO
2636;SI
2637;NO
2639;NO
2640;NO
2641;NO
2642;NO
2644_A;NO
2644_B;NO
2646;NO
2647;NO
2648;NO
2649;NO
2650;NO
2658;NO
2659;NO
2663;SI
2670;NO
2672_A;NO
2672_B;NO
2674;NO
2677;NO
2678;NO
2679;NO
2683;NO
2684_A;NO
2684_B;NO
2686;SI 
2687;SI 
2692_A;SI 
2692_B;NO
2692_C;NO
2692_D;NO
2695;NO
2700;NO
2701;NO
2710;NO
2711;NO
2714;NO
2716;NO
2719;NO
2721;NO
2722;NO
2723;NO
2724_A;SI
2724_B;NO
2729;SI
2733;NO
2741;NO
2744;NO
2746;SI 
2747;NO
2748;NO
2749;NO
2752;SI 
2753;NO
2755;NO
2756;NO
2758;NO
2760;NO
2761;NO
2762;NO
2763;NO
2767;NO
2768;NO
2769;NO
2770;NO
2775;NO
2778;NO
2782;NO
2784;NO
2793;NO
2794;NO
2795;NO
2802;NO
2805;NO
2806;NO
2809;NO
2812;NO
2815;NO
2816;NO
2817;NO
2820_A;NO
2820_B;SI
2820_C;SI 
2820_D;NO
2822;NO
2823;NO
2832;NO
2834;NO
2837;NO
2838;SI 
2850_A;SI
2850_B;NO
2850_C;NO
2850_D;NO
2857;NO
2859;NO
2860;NO
2861;NO
2862;NO
2863_A;NO
2863_B;NO
2863_C;NO
2864;NO
2865;NO
2866;NO
2867_A;NO
2867_B;NO
2870;NO
2876;NO
2880;NO
2885;SI
2889_A;NO
2889_B;NO
2889_C;NO
2889_D;NO
2891;NO
2895;NO
2898;NO
2906;NO
2908;NO
2910;NO
2914;NO
2916;NO
2918;NO
2919_A;SI 
2919_B;NO
2919_C;NO
2919_D;NO
2924;NO
2928;NO
2931;NO
2941;NO
2944;NO
2945;NO
2947;NO
2948;NO
2950;NO
2951;NO
2952;NO
2958;NO
2960;NO
2961_A;SI 
2961_B;NO
2961_C;NO
2962_A;NO
2962_B;NO
2963;NO
2966;NO
2968;NO
2969;NO
2973;NO
2974;NO
2975;NO
2982_A;NO
2982_B;NO
2991;SI
2992;NO
2993_A;NO
2993_B;NO
2993_C;SI 
2994;NO
2997;NO
2998;NO
3000;SI 
3004;NO
3006_A;NO
3006_B;NO
3008;NO
3009;NO
3011;NO
3012;NO
3016;NO
3018;NO
3019;NO
3030_A;NO
3030_B;NO
3030_C;NO
3034;NO
3040;NO
3044;NO
3045;NO
3054;NO
3060;NO
3061;NO
3063;NO
3064;NO
3066;NO
3067;NO
3068;NO
3072;NO
3074;SI
3078_A;NO
3078_D;NO
3079;NO
3082_A;NO
3082_B;NO
3085;NO
3089;NO
3092;NO
3101;NO
3103;NO
3107;NO
3110;SI 
3111_A;NO
3111_B;NO
3112_A;NO
3112_B;NO
3112_C;SI 
3112_D;NO
3114;SI 
3115;NO
3116_A;NO
3116_B;NO
3117;NO
3118;NO
3119;SI 
3121_A;NO
3121_B;NO
3121_C;NO
3125;NO
3128;NO
3130;NO
3132;NO
3136;NO
3138;NO
3143;NO
3144;NO
3149;NO
3164;NO
3168;NO
3171;SI 
3173;NO
3176;SI 
3177;NO
3179_A;SI
3179_B;NO
3179_C;NO
3182;SI 
3184;NO
3185_A;SI 
3185_B;NO
3191;SI 
3197;SI
3201;NO
3203;NO
3204;NO
3205;NO
3206;SI 
3207;NO
3210;NO
3212;NO
3213;NO
3215;NO
3216;NO
3217;NO
3218;NO
3219;NO
3222;NO
3223;NO
3224;NO
3230;NO
3242;NO
3243;NO
3244;NO
3245;NO
3246;NO
3248;NO
3252;SI 
3258_A;NO
3258_B;NO
3260_A;NO
3260_B;NO
3260_C;NO
3261;NO
3263;NO
3264;NO
3266;NO
3267;NO
3268;SI 
3269;SI 
3271;NO
3272;NO
3273;NO
3277;NO
3279;NO
3281;NO
3284;NO
3289;NO
3290;NO
3294;NO
3296;NO
3297;NO
3298;NO
3300;NO
3302;NO
3303;NO
3305;SI 
3306;NO
3307;NO
3308;NO
3311;NO
3313;NO
3317;NO
3320;NO
3323;NO
3324;NO
3326;NO
3330;SI
3332;NO
3336;SI 
3337_A;NO
3337_B;NO
3338;NO
3351;NO
3352;NO
3357;NO
3366;NO
3370;SI
3371;NO
3374;NO
3377;NO
3379_A;NO
3379_B;NO
3380_A;SI
3380_B;NO
3381;NO
3382;NO
3383;NO
3389;NO
3390;NO
3392;NO
3394;NO
3397;NO
3399;NO
3400;NO
3404;NO
3408;NO
3417;NO
3419;NO
3423;NO
3424_A;NO
3424_B;NO
3425;NO
3428;NO
3429;NO
3430;NO
3432;NO
3433;NO
3434;NO
3436;NO
3439;NO
3441;NO
3442;SI
3443;NO
3444;NO
3445;NO
3446;NO
3447;NO
3451;NO
3452_A;NO
3452_B;NO
3452_C;SI 
3452_D;NO
3454;NO
3455;NO
3468_A;NO
3468_B;NO
3475;NO
3494;NO
3495;NO
3500;SI
3502;SI
3509;SI 
3511;NO
3514;NO
3515;NO
3524;NO
3526;NO
3535;NO
3539;NO
3540_A;NO
3540_B;NO
3540_C;NO
3542;NO
3543;NO
3545;NO
3549;NO
3551_A;NO
3551_B;NO
3551_C;NO
3553;NO
3555;NO
3556;NO
3566;NO
3568;NO
3569;NO
3570;NO
3575;NO
3576;NO
3578;NO
3579;NO
3580;SI
3581_A;NO
3581_B;NO
3581_C;NO
3582;NO
3583;NO
3584_A;NO
3584_B;NO
3584_C;NO
3587;SI
3588_A;NO
3588_B;NO
3588_C;NO
3589;NO
3594_A;NO
3594_B;NO
3595_A;NO
3595_B;NO
3595_C;NO
3595_D;NO
3595_E;NO
3596;NO
3598;NO
3599;NO
3602_A;NO
3602_B;NO
3602_C;NO
3605;NO
3606;NO
3609;NO
3611;NO
3612;NO
3614;NO
3616;NO
3619;NO
3620;NO
3622;NO
3624;SI 
3631_A;NO
3631_B;NO
3631_C;NO
3631_D;NO
3632_A;NO
3632_B;NO
3633;NO
3635;NO
3637;SI 
3641;NO
3642;NO
3644;NO
3647;NO
3650;NO
3653;NO
3655;NO
3656;NO
3657;NO
3660;NO
3663;NO
3665;NO
3669;NO
3670;NO
3672;NO
3674;NO
3675;NO
3676;SI 
3677;NO
3678;NO
3683;NO
3684;NO
3687;NO
3688;NO
3689;NO
3690_A;NO
3690_B;NO
3691;NO
3692;NO
3693;NO
3694_A;NO
3694_B;NO
3696;NO
3699;NO
3700;NO
3701;NO
3704_A;NO
3704_B;NO
3705;NO
3707;NO
3708;NO
3710;NO
3711_A;NO
3711_B;NO
3711_C;NO
3712;NO
3713;NO
3714_A;NO
3714_B;SI 
3716;NO
3718;NO
3721;NO
3722;NO
3724;NO
3727;NO
3731;NO
3733;NO
3734;NO
3737_A;NO
3737_B;NO
3738;NO
3739;NO
3740;NO
3741;NO
3743;NO
3746;NO
3747;SI
3748;NO
3751;NO
3755;NO
3756;NO
3757;NO
3765;NO
3771;NO
3773;NO
3785;NO
3786;NO
3787;NO
3790_A;NO
3790_B;NO
3790_C;NO
3791;NO
3792;NO
3794;NO
3797_A;NO
3797_B;NO
3797_C;NO
3798;NO
3799;NO
3803;NO
3804;NO
3806_A;NO
3806_B;NO
3810;NO
3811;NO
3813;NO
3814;NO
3820;NO
3822;NO
3824;NO
3825_A;SI
3825_B;NO
3826;NO
3827;NO
3828;NO
3833;NO
3834;NO
3835;NO
3837;NO
3838;NO
3839;NO
3841;NO
3842;NO
3843;NO
3844;SI 
3846;NO
3847;NO
3848_A;NO
3848_B;NO
3848_C;NO
3848_D;NO
3849;NO
3850;NO
3851;NO
3852;NO
3853;NO
3855;NO
3857;NO
3858;NO
3859;NO
3860;NO
3865;NO
3866;NO
3867;NO
3868;NO
3869;NO
3882;NO
3884;NO
3886;NO
3888;SI 
3890;NO
3892;NO
3894;NO
3900;NO
3902;NO
3903;NO
3905_A;NO
3905_B;NO
3905_C;NO
3905_D;NO
3906;NO
3907;NO
3910_A;NO
3910_B;NO
3914;NO
3915;NO
3918;NO
3919;NO
3924;NO
3925;SI
3926;NO
3930;NO
3931;NO
3932;NO
3935;NO
3938;NO
3939;NO
3945;NO
3946;NO
3948;NO
3949;NO
3951;NO
4054;NO
4097_A;SI
4097_B;SI
4099;SI
4100;SI
4101_A;NO
4101_B;NO
4105;NO
4106;NO
4155;NO
4163;NO
4164_A;NO
4164_B;NO
4165;NO
4172;NO
4174_A;NO
4174_B;NO
4177;NO
4179;NO
4182;NO
4184;NO
4192;NO
4193;NO
4215;NO
4217;NO
4218;NO
4220;NO
4227;SI
4231;NO
4250_A;NO
4250_B;NO
4250_C;NO
4253;NO
4254;SI
4270;NO
4274;NO
4280;NO
4283;NO
4301;SI
4302;NO
4307;NO
4308;NO
4580;NO
4583;NO
4655;NO
4656;NO
4657;NO
4659;NO
4660;NO
4661;NO
4662_A;NO
4662_B;SI 
4662_C;NO
4663;NO
4664;NO
4665;NO
4666;NO
7064;NO
7065;NO
7072;NO
7073;NO
7074_A;NO
7074_B;NO
7074_C;NO
7075;NO
7076;SI
7177_A;NO
7177_B;NO
7182;SI 
7190;NO
7191;NO
7192;NO
7193;NO
7194;NO
7196;NO
7197;NO
7198;NO
7199_A;NO
7199_B;NO
7199_C;NO
7199_D;NO
7200;NO
7201;NO
7203;NO
7204;NO
7207;NO
7214;NO
7215;NO
7216;NO
7217;NO
7220;SI 
7221;NO
7224;NO
7226;NO
7230;NO
7412;NO
7413;NO
7414;NO
7415;NO
7416;SI 
7417;NO
7418;SI
7419;NO
7420;NO
7421_A;SI
7421_B;NO
7422;NO
7423;NO
7424;NO
7425;NO
7426;SI 
7427;NO
7428;NO
7429;NO
7430;NO
7431;NO
7432;NO
7433;SI
7434;NO
7435;NO
7436;NO
7437;NO
7438;NO
7439;NO
7440;NO
7441_A;NO
7441_B;NO
7442;NO
7443;SI 
7444;NO
7445;NO
7446;NO
7447_A;SI 
7447_B;NO
7447_C;NO
7448;NO
7449_A;NO
7449_B;NO
7449_C;NO
7449_D;NO
7449_E;NO
7450;SI 
7451;NO
7453;NO
7454;NO
7456;NO
7457;NO
7458;NO
7459;SI
7460;SI
7461;NO
7462;NO
7463_A;NO
7463_B;SI 
7463_C;NO
7464;NO
7465;NO
7466;NO
7467;NO
7468_A;NO
7468_B;NO
7468_C;NO
7469;NO
7470;SI 
7471;NO
7472;NO
7473;SI
7474;NO
7475;NO
7476;NO
7477;NO
7478;NO
7481;SI 
7482;NO
7483;NO
7484;NO
7485;NO
7486;NO
7487;NO
7488;NO
7489;NO
7490;NO
7491;NO
7492_A;NO
7492_B;NO
7493;NO
7494;NO
7496;NO
7497;NO
7498;NO
7499;NO
7500;NO
7501;NO
7502;NO
7503;SI 
7504;NO
7505;NO
7506;NO
7507;NO
7508;NO
7509;NO
7510;NO
7511;NO
7512;NO
7513;NO
7514;NO
7515;SI 
7516;NO
7518;NO
7519;NO
7520;NO
7522;SI
7524;NO
7525;NO
7526;NO
7527;NO
7528;NO
7529;NO
7530;NO
7531_A;SI
7531_B;NO
7531_C;NO
7532;NO
7533;NO
7534;NO
7535;NO
7537;NO
7539;NO
7540;NO
7541;NO
7542;NO
7543_A;NO
7543_B;NO
7544;NO
7546;NO
7547;NO
7548;NO
7549;SI
7550;NO
7551;NO
7552;SI
7553;NO
7554;SI
7555;NO
7556;NO
7557;NO
7558;NO
7560;NO
7561;NO
7562;NO
7563;NO
7564;NO
7565;SI 
7566;NO
7567;NO
7568;NO
7569;SI 
7570;NO
7571;NO
7572;NO
7573;NO
7574;NO
7575;NO
7576;NO
7577_A;NO
7577_B;NO
7577_C;NO
7578;NO
7579;SI 
7580_A;NO
7580_B;NO
7581;NO
7582;NO
7583;NO
7584;NO
7588;SI 
7593;NO
7595_A;NO
7595_B;NO
7596;NO
7598;NO
7599;NO
7602;NO
7603;NO
7606;NO
7607;NO
7608;NO
7609;NO
7610;NO
7612;NO
7613;NO
7614;NO
7615;NO
7617;NO
7618;NO
7619_A;NO
7619_B;NO
7620;NO
7621;NO
7622;NO
7625_A;NO
7625_B;NO
7625_C;NO
7626;NO
7627;NO
7628;NO
8522_A;NO
8522_B;NO
8530;NO
8533_A;NO
8533_B;NO
8533_C;NO
8533_D;NO
8533_E;NO
8533_F;NO
8535;NO
12440;NO
12441;NO
12442;NO
7079;NO
7080;NO
7081;NO
7083;NO
7085;NO
7086;NO
7087;NO
7089;NO
7090;NO
7091;NO
7092;NO
7093;NO
7094;NO
7095;NO
7096;NO
7097;NO
7098;NO
7099;NO
7100;NO
7101;NO
7102;NO
7103;NO
7104;NO
7105;NO
7106;NO
7107;NO
7108;NO
7109;NO
7110;NO
7111;NO
7112;NO
7113;NO
7114;NO
7115;NO
7116;NO
7117;NO
7119;NO
7120;NO
7121;NO
7122;NO
7123;NO
7124;NO
7125;NO
7126;NO
7127;NO
7128;NO
7129;NO
7130;NO
7131;NO
7132;NO
7133;NO
7135;NO
7136;NO
7137;NO
7138;NO
7139;NO
7140;NO
7141;NO
7142;NO
7143;NO
7144;NO
7145;NO
7146;NO
7147;NO
7148;NO
7149;NO
7150;NO
7151;NO
7152;NO
7153;NO
7154;NO
7155;NO
7156;NO
7157;NO
7158;NO
7159;NO
7160;NO
7161;NO
7162;NO
7163;NO
7165;NO
7166;NO
7167;NO
7168;NO
7169;NO
7170;NO
7171;NO
7172;NO
7173;NO
7174;NO
7175;NO
8528;NO
8529;NO
7639;NO
7640;NO
7641;NO
7642;NO
7643;NO
7644;NO
7645;NO
7646;NO
7647;SI 
7648;NO
7649;NO
7650;NO
7651;NO
7652;NO
7653;NO
7654;NO
7655;NO
7656;NO
7657_A;SI 
7657_B;NO
7657_C;NO
7657_D;NO
7658;NO
7659;NO
7660;SI
7661;NO
7664;NO
7667;NO
7668;NO
7669;SI 
7671;NO
7675;NO
7680;SI 
7681;NO
7682;NO
7683;SI 
7690;NO
7691;NO
7693;NO
7698;NO
7701;NO
7702;SI 
7703;NO
7704;NO
7705;NO
7708;SI 
7709;NO
7711;NO
7712;NO
7714;NO
7715;NO
7716;NO
7720;SI 
7721;NO
7723;NO
7724;NO
7725;NO
7727;NO
7729;NO
7731;SI
7735;NO
7736;SI 
7738;NO
7740;NO
7741;NO
7742;NO
7750_A;SI
7750_B;SI
7751;NO
7755;NO
7757;SI
7758;NO
7759_A;NO
7759_B;NO
7763;NO
7764;NO
7765;NO
7766;NO
7768;SI
7769;NO
7770;NO
7771;NO
7772;NO
7773;NO
7774;NO
7775;NO
7776;NO
7777;NO
7778;NO
7779;NO
7780;NO
7782;NO
7783;NO
7784;NO
7785;NO
7786;NO
7787;NO
7789;NO
7790;NO
7791;NO
7792;NO
7793;NO
7794;NO
7795;SI 
7796;NO
7797;NO
7798;NO
7799;SI 
7800;NO
7801;SI 
7802;NO
7803;NO
7805;NO
7806;NO
7807;NO
7810_A;NO
7810_B;NO
7812;NO
7813;NO
7815;NO
7816;NO
7817;NO
7818;NO
7820;NO
7821;SI
7822;NO
7823;NO
7824;NO
7825;NO
7827;NO
7828;SI 
7829;NO
7830;NO
7831;SI 
7832;NO
7834;NO
7835;NO
7836;SI 
7838;NO
7839;NO
7840;NO
7841;NO
7842;NO
7843;NO
7844;NO
7845;NO
7846;NO
7848;SI 
7849;NO
7850;NO
7851;NO
7852;NO
7853;NO
7854;SI 
7855;NO
7856;NO
7858;NO
7859;NO
7860;NO
7861;NO
7862;NO
7863;NO
7864;SI 
7865;NO
7866;NO
7867;NO
7869;NO
7870;NO
7871;NO
7872;NO
7873;NO
7874;NO
7875;NO
7876;NO
7877;NO
7878;NO
7879;NO
7880;NO
7881;NO
7882;NO
7883;NO
7884;NO
7885;SI 
7886;NO
7887;SI
7888;NO
7889;NO
7890;NO
7891;SI 
7892;NO
7893;NO
7894;NO
7895;NO
7896;NO
7897;NO
7898;NO
7899;NO
7900;NO
7901;NO
7902;SI 
7903;NO
7904;NO
7905_A;NO
7905_B;SI 
7905_C;SI 
7906;SI
7907;NO
7908_A;NO
7908_B;NO
7909;NO
7910;NO
7911;NO
7912;NO
7913;NO
7914;SI 
7915;SI
7916;NO
7917;NO
7919;NO
7920;NO
7921;NO
7922;SI 
7923;NO
7924;NO
7927;NO
7929;NO
7931;SI
7933;SI 
7934;NO
7936;SI 
7937;NO
7938;NO
7939;NO
7940;NO
7941;NO
7943;NO
7944;NO
7945;NO
7946;NO
7947;NO
7948;NO
7949;NO
7950;NO
7951;NO
7953;NO
7955;SI 
7956;NO
7957;NO
7958;NO
7959;NO
7960;NO
7961;NO
7965;NO
7966;NO
7967;NO
7968;NO
7970;NO
7971;NO
7972;NO
7973;NO
7974;SI 
7975;SI 
7976;NO
7981;SI
7983;NO
7984;NO
7986;NO
7987;NO
7988;NO
7990;NO
7991;NO
7994;NO
7995;SI
7996;NO
7999;NO
8000;NO
8001;SI
8002;NO
8003;NO
8004;NO
8006;SI
8007;NO
8008;SI
8009;NO
8010_A;SI 
8010_B;SI 
8010_C;NO
8010_D;NO
8010_E;SI 
8010_F;NO
8010_G;SI 
8010_H;SI 
8011_A;SI
8011_B;NO
8011_C;SI
8011_D;SI 
10000;NO
10012;NO
10017_A;NO
10017_B;NO
10017_C;NO
10017_D;NO
10022_A;NO
10022_B;NO
10028;NO
10032;NO
10033;NO
10034;NO
10038;NO
10039;NO
10040;NO
10043_A;NO
10043_B;NO
10043_C;NO
10046;NO
10048;NO
10050;NO
10054;NO
10058_A;NO
10058_B;NO
10059;NO
10063;NO
10064_A;NO
10064_B;NO
10064_C;NO
10065_A;NO
10065_B;NO
10068;NO
10069;NO
10075;NO
10077;NO
10078;NO
10083_A;NO
10083_B;NO
10087;NO
10088;SI 
10091_A;NO
10091_B;NO
10091_C;NO
10096;NO
10099;NO
10102;NO
10103;NO
10105;SI
10106;NO
10110;NO
10112;NO
10115;NO
10117;NO
10118;NO
10119;NO
10123;NO
10124;NO
10125_A;NO
10125_B;NO
10128_A;NO
10128_B;NO
10134_A;NO
10134_B;NO
10134_D;NO
10134_E;NO
10134_F;NO
10134_G;NO
10134_H;NO
10137;NO
10138;SI
10139_A;NO
10139_B;NO
10142;NO
10144;NO
10146;NO
10148;NO
10151_A;NO
10151_B;NO
10151_C;NO
10151_D;NO
10153;NO
10154;NO
10157;NO
10158;NO
10164_A;NO
10164_B;NO
10170;NO
10173;NO
10177;NO
10182_A;NO
10182_B;NO
10186;NO
10187;NO
10193;NO
10196_A;NO
10196_B;NO
10196_C;NO
10197;NO
10198;NO
10199;NO
10200;NO
10201_A;NO
10201_B;NO
10202;NO
10203_A;NO
10203_B;NO
10203_C;NO
10205_A;SI 
10205_B;NO
10207;NO
10210_A;NO
10210_B;NO
10219;NO
10221;NO
10226_A;NO
10226_B;NO
10226_C;NO
10226_D;SI 
10228_A;NO
10228_B;NO
10234;NO
10235;NO
10237;SI
10241;NO
10246;NO
10256;NO
10263;NO
10270_A;NO
10270_B;NO
10271;NO
10273;NO
10274;NO
10275;NO
10277;NO
10278;NO
10279;NO
10281;NO
10282_A;NO
10282_B;NO
10283_A;NO
10283_B;NO
10285_A;NO
10285_B;NO
10285_C;NO
10286;NO
10287_A;NO
10287_B;NO
10287_C;NO
10292;NO
10294;NO
10297;NO
10301_A;NO
10301_B;NO
10301_C;NO
10302;NO
10307;NO
10311;NO
10313_A;NO
10313_B;NO
10318;NO
10320;NO
10324;NO
10326;NO
10332;NO
10333;NO
10335;NO
10337;NO
10338;NO
10342_A;NO
10342_B;NO
10342_C;NO
10346;NO
10347;NO
10348;NO
10349;NO
10352;NO
10356;NO
10358;NO
10365;NO
10366;NO
10369;NO
10370;NO
10373;NO
10377;NO
10379;NO
10380;NO
10382;NO
10386;NO
10390;NO
10392;NO
10393;NO
10394;NO
10395;NO
10397;NO
10402;NO
10404;NO
10411;NO
10416;NO
10417;NO
10423;NO
10429;NO
10432;NO
10438;NO
10451;NO
10453;NO
10461;NO
10466;NO
10467;NO
10470_A;NO
10470_B;NO
10475;NO
10477;NO
10480_A;NO
10480_B;NO
10483;NO
10484;NO
10489;NO
10492;NO
10496_A;NO
10497;NO
10498;NO
10500;NO
10503;NO
10505_A;NO
10505_B;NO
10508;NO
10510_A;NO
10510_B;NO
10512;NO
10514_A;NO
10514_B;NO
10515;NO
10516;NO
10519;NO
10520;NO
10526;NO
10527;NO
10528;NO
10530;NO
10531;NO
10532;NO
10535;NO
10537;NO
10539;NO
10540;NO
10541;NO
10543_A;NO
10543_B;NO
10543_C;NO
10544;NO
10545;NO
10546;NO
10547;NO
10548;NO
10549;NO
10550_A;NO
10550_B;NO
10551;NO
10553;NO
10554;NO
10555_A;NO
10555_B;NO
10556;NO
10557;NO
10560;NO
10566;NO
10568;NO
10572_A;NO
10572_B;NO
10572_C;NO
10572_D;NO
10573;NO
10575_A;NO
10575_B;NO
10577;NO
10578_A;NO
10578_B;NO
10578_C;NO
10580_A;NO
10580_B;NO
10580_C;NO
10581;NO
10584;NO
10585;NO
10588;NO
10589;NO
10590_A;NO
10590_B;NO
10590_C;NO
10592;NO
10595;NO
10596;NO
10598;NO
10599;NO
10601;NO
10605;NO
10606;NO
10607;NO
10608;NO
10610;NO
10615_A;NO
10615_B;NO
10615_C;NO
10615_D;NO
10616_A;NO
10616_B;NO
10616_C;NO
10617;NO
10618_A;NO
10618_B;NO
10618_C;NO
10619;NO
10621_A;NO
10621_B;NO
10621_C;NO
10622_A;NO
10622_B;NO
10623;NO
10626;NO
10627;NO
10629;NO
10633;NO
10636;NO
10638;NO
10639;NO
10640;NO
10643;NO
10649;NO
10655;NO
10666;NO
10667;NO
10668;NO
10676;NO
10677;NO
10678_A;NO
10678_B;NO
10679;NO
10681_A;NO
10681_B;NO
10687;NO
10689;NO
10690;NO
10692;NO
10693;NO
10704_A;NO
10704_B;NO
10706;NO
10707;NO
10710;NO
10711_A;NO
10711_B;NO
10712;NO
10714_A;NO
10714_B;NO
10714_C;NO
10714_D;NO
10714_E;NO
10717;SI
10718;NO
10719;NO
10722;NO
10724;NO
10725;NO
10727_A;NO
10727_B;NO
10727_C;NO
10730_A;NO
10730_B;NO
10731_A;NO
10731_B;NO
10733;NO
10735;NO
10737;NO
10741_A;NO
10741_B;NO
10741_C;NO
10741_D;NO
10744;NO
10749;NO
10752;NO
10755;NO
10760;NO
10761;NO
10762;NO
10764_A;NO
10764_B;NO
10764_C;NO
10765_A;NO
10765_B;NO
10765_C;NO
10765_D;NO
10765_E;NO
10767_A;NO
10767_B;NO
10773;NO
10774_A;NO
10774_B;NO
10777;NO
10778;NO
10781_A;NO
10781_B;NO
10782;NO
10786_A;NO
10786_B;NO
10786_C;NO
10786_D;NO
10786_E;NO
10788;NO
10790;NO
10791;NO
10792;NO
10795;NO
10796;NO
10800_A;NO
10800_B;NO
10800_C;NO
10800_D;NO
10804;NO
10807_A;NO
10807_B;NO
10809_A;NO
10809_B;NO
10810;NO
10813;NO
10814;NO
10815;NO
10816;NO
10817;NO
10821;NO
10823_A;NO
10823_B;NO
10823_C;NO
10823_D;NO
10823_E;NO
10825_A;NO
10825_B;NO
10827;NO
10828;NO
10830;NO
10831;NO
10832;NO
10833;NO
10834;NO
10835;NO
10836;NO
10838;NO
10841;NO
10842;NO
10843;NO
10845;NO
10846_A;NO
10846_B;NO
10846_C;NO
10846_D;NO
10846_E;NO
10846_F;NO
10846_G;NO
10849_A;NO
10849_B;NO
10849_C;NO
10850_A;NO
10850_B;NO
10855;NO
10866;NO
10872;NO
10876;NO
10877;SI 
10878;NO
10879;NO
10880_A;NO
10880_B;NO
10880_C;NO
10880_D;NO
10880_E;NO
10880_F;NO
10881_A;NO
10881_B;NO
10881_C;SI 
10881_D;NO
10881_E;SI 
10881_F;NO
10882_A;NO
10882_B;NO
10882_C;NO
10884;NO
10887;NO
10888;NO
10889;NO
10890_A;NO
10890_B;NO
10891_A;NO
10891_B;NO
10892;NO
10893;NO
10894;NO
10896;NO
10897;NO
10898;NO
10899;NO
10902;NO
10905;NO
10907;NO
10913_A;NO
10913_B;NO
10913_C;NO
10913_D;NO
10918;NO
10919;NO
10921;NO
10927_A;NO
10927_B;NO
10927_C;NO
10927_D;NO
10933;NO
10935;NO
10937;NO
10942;NO
10943;NO
10944;NO
10945;NO
10946;NO
10947;NO
10949;NO
10950;NO
10951_A;NO
10951_B;NO
10952;NO
10953;NO
10954;NO
10956;NO
10958;NO
10959;NO
10960;NO
10962;NO
10965;NO
10966;NO
10967;NO
10970;NO
10971;NO
10974;NO
10975;NO
10976;NO
10977;NO
10979_A;NO
10979_B;SI 
10981;NO
10982_A;NO
10982_B;NO
10983;NO
10985;NO
10989;NO
10991;NO
10992_A;SI 
10992_B;NO
10992_C;NO
10993;NO
10994;NO
10998;NO
10999;NO
11002;SI 
11003;NO
11004;NO
11005;NO
11006;NO
11007;NO
11008_A;NO
11008_B;NO
11008_C;NO
11008_D;NO
11008_E;NO
11009;NO
11010;NO
11011_A;NO
11011_B;NO
11012;NO
11013;NO
11014;SI
11015;NO
11016;NO
11017_A;NO
11017_B;NO
11017_C;NO
11017_D;NO
11018;NO
11023;NO
11024;NO
11026;NO
11027;NO
11028;NO
11030;NO
11036;NO
11037;NO
11038;NO
11039;NO
11040;NO
11044;NO
11045;NO
11049;NO
11050_A;NO
11050_B;NO
11050_C;NO
11050_D;NO
11052;NO
11054;NO
11055;NO
11057;NO
11059;NO
11060;NO
11063;NO
11064;NO
11065_A;NO
11065_B;NO
11065_C;NO
11065_D;NO
11069_A;NO
11069_B;NO
11077;NO
11079;NO
11081;NO
11085_A;NO
11085_B;NO
11086;NO
11089;NO
11091;NO
11093;NO
11094;NO
11095;NO
11097_A;NO
11097_B;NO
11097_C;NO
11100;NO
11102;NO
11103;NO
11108;NO
11110;NO
11111;NO
11112;NO
11113;NO
11115;NO
11122_A;NO
11122_B;NO
11122_C;NO
11124_A;NO
11124_B;NO
11124_C;NO
11124_D;NO
11126;NO
11130;NO
11131;SI
11132;NO
11135;NO
11136;NO
11137;NO
11138;NO
11140;NO
11142;SI 
11146;NO
11151_A;NO
11151_B;NO
11151_C;SI 
11151_E;NO
11154;NO
11155;NO
11164;NO
11168;NO
11173_B;NO
11173_C;SI 
11176_A;NO
11176_B;NO
11178_A;NO
11178_B;SI
11182;NO
11184;NO
11189;NO
11193_A;NO
11193_B;NO
11194;NO
11195;NO
11197;NO
11199_A;NO
11199_B;NO
11200_A;NO
11200_B;NO
11200_C;NO
11200_D;NO
11204_A;NO
11204_B;NO
11204_C;NO
11205;NO
11206_A;NO
11206_B;NO
11209;NO
11210;NO
11212;NO
11216;NO
11218;NO
11219_A;NO
11219_B;NO
11220_A;NO
11220_B;NO
11230;NO
11231;NO
11240;NO
11241;NO
11248_A;NO
11248_B;NO
11252_A;NO
11252_B;NO
11252_C;NO
11258;NO
11262;NO
11264_A;NO
11264_B;NO
11264_C;NO
11264_D;NO
11268;NO
11271;NO
11277;NO
11279;NO
11280_A;NO
11280_B;NO
11280_C;NO
11280_D;NO
11282_A;NO
11282_B;NO
11283;SI 
11284;NO
11285;NO
11287;NO
11290;NO
11292;NO
11293;NO
11295;NO
11296;NO
11300;NO
11301_A;NO
11301_B;NO
11301_C;NO
11302;NO
11305;NO
11307;NO
11309_A;NO
11309_B;SI
11309_C;NO
11309_D;NO
11309_E;NO
11310;NO
11311;NO
11312_A;NO
11312_B;NO
11313;NO
11314;NO
11318_A;NO
11318_B;NO
11319_A;NO
11319_B;NO
11319_C;NO
11320_A;NO
11320_B;NO
11320_C;NO
11320_D;NO
11321;NO
11322;NO
11323;NO
11325_A;NO
11325_B;NO
11325_C;NO
11326_A;NO
11326_B;NO
11328;NO
11330_A;NO
11330_B;NO
11330_C;NO
11331;NO
11332;NO
11334_A;NO
11334_B;NO
11335_A;NO
11335_B;NO
11336;NO
11337;NO
11338;NO
11340;NO
11343;NO
11344;NO
11345;NO
11346;NO
11347;NO
11349;NO
11352_A;NO
11352_B;NO
11353_A;NO
11353_B;NO
11353_C;NO
11353_D;NO
11354;NO
11359;NO
11362;NO
11365;NO
11369_A;NO
11369_B;NO
11373_A;NO
11373_B;NO
11376;NO
11377_A;SI
11377_B;NO
11378;NO
11379;NO
11386;NO
11391;NO
11394;NO
11395;NO
11396;NO
11400;NO
11403;NO
11404;NO
11405;NO
11412_A;NO
11412_B;NO
11412_C;NO
11413_A;NO
11413_B;NO
11414;NO
11417_A;NO
11417_B;NO
11417_C;NO
11418;NO
11419_A;NO
11419_B;NO
11420_A;NO
11420_B;NO
11420_C;NO
11420_D;NO
11422_A;NO
11422_B;NO
11424_A;NO
11424_B;NO
11424_C;NO
11425;NO
11427_A;SI
11427_B;NO
11428;NO
11430_A;NO
11430_B;NO
11431_A;NO
11431_B;NO
11431_C;NO
11431_D;SI 
11434_A;NO
11434_B;NO
11434_C;NO
11436;NO
11439;NO
11445;NO
11447;NO
11451;NO
11452;NO
11454;NO
11455_A;NO
11455_B;NO
11456;NO
11464_A;NO
11464_B;NO
11465;NO
11466;NO
11467;NO
11468_A;NO
11468_B;NO
11468_C;NO
11471;NO
11472_A;NO
11472_B;NO
11472_C;NO
11473_A;NO
11473_B;NO
11476;NO
11477;NO
11478;NO
11479;NO
11480;NO
11481_A;NO
11481_B;NO
11483;NO
11484;NO
11485_A;NO
11485_B;NO
11490;NO
11491;NO
11495;NO
11496;NO
11503;NO
11505;NO
11507;NO
11510;NO
11511;NO
11520;NO
11523;NO
11526;NO
11528;NO
11529;NO
11532_A;NO
11532_B;NO
11534;NO
11538;NO
11540;NO
11542;NO
11543;NO
11545;NO
11553;NO
11554;NO
11555_A;NO
11555_B;NO
11558;NO
11561_A;NO
11561_B;NO
11561_C;NO
11561_D;NO
11565;NO
11568;NO
11570_A;NO
11570_B;NO
11571;NO
11577_A;SI 
11577_B;NO
11577_C;NO
11577_D;NO
11577_E;NO
11578;NO
11579;NO
11582;NO
11586;NO
11588;NO
11589_A;NO
11589_B;NO
11591;NO
11592;NO
11593;NO
11594;NO
11595;NO
11598;NO
11600;NO
11601;NO
11604;NO
11606;NO
11607;NO
11608;NO
11611;NO
11612;NO
11616;NO
11618;NO
11620;NO
11621;NO
11625;NO
11626;NO
11627;NO
11628;NO
11629;NO
11630;NO
11633;NO
11634;NO
11635_A;NO
11635_B;NO
11636;NO
11637;NO
11639_A;NO
11639_B;NO
11640;NO
11641;NO
11643;NO
11644;NO
11647;NO
11652;NO
11653;NO
11654;NO
11655;NO
11656;NO
11657;NO
11659;NO
11661;NO
11662;NO
11663;NO
11667;NO
11669;NO
11670;NO
11671;NO
11672;NO
11673;NO
11674;NO
11678;NO
11679;NO
11680_A;NO
11680_B;NO
11680_C;NO
11682_A;NO
11682_B;NO
11682_C;NO
11683;NO
11684;NO
11686;NO
11688;NO
11689;NO
11695;NO
11696;NO
11697;NO
11699;NO
11700;NO
11703_A;NO
11703_B;NO
11703_C;SI 
11706_A;NO
11706_B;NO
11706_C;NO
11707;NO
11709;NO
11711_A;NO
11711_B;NO
11711_C;NO
11712_A;NO
11712_B;NO
11713;NO
11714;NO
11715;NO
11717_A;NO
11717_B;NO
11718;NO
11719;NO
11720_A;NO
11720_B;NO
11720_C;NO
11722;NO
11726;NO
11730_A;NO
11730_B;NO
11730_C;NO
11734;NO
11735;NO
11739;NO
11740;NO
11741;NO
11742;NO
11746;NO
11747;NO
11749;NO
11753;NO
11754;NO
11756;NO
11757;NO
11758;NO
11759_A;NO
11759_B;NO
11759_C;NO
11761;NO
11763;NO
11766;NO
11769;NO
11771_A;NO
11771_B;NO
11771_C;NO
11771_D;NO
11771_E;NO
11774_A;NO
11774_B;NO
11775;NO
11776;NO
11778;NO
11779_A;NO
11779_B;SI 
11779_C;NO
11779_D;NO
11780;NO
11781;NO
11782;NO
11783;NO
11784;NO
11788;NO
11790;NO
11792;NO
11794;NO
11795;NO
11796;NO
11797_A;NO
11797_B;NO
11801;NO
11802;NO
11805;NO
11806_A;NO
11806_B;NO
11806_C;NO
11806_D;NO
11808;SI 
11809;NO
11810;NO
11811;NO
11814;NO
11819;NO
11820;NO
11821;NO
11822;NO
11823;NO
11824;NO
11826;NO
11827;NO
11832_A;NO
11832_B;NO
11832_C;NO
11833;NO
11834_A;NO
11834_B;NO
11835;NO
11837;NO
11838;NO
11839;NO
11841_A;NO
11841_B;NO
11842;NO
11843_A;NO
11843_B;NO
11844;NO
11845;NO
11850;NO
11851_A;NO
11851_B;NO
11851_C;NO
11851_D;NO
11851_E;NO
11851_F;NO
11852;NO
11853;NO
11855;NO
11857;NO
11860;NO
11863;NO
11870;NO
11872;NO
11879;NO
11880;NO
11881;NO
11890_A;NO
11890_B;NO
11890_C;NO
11890_D;NO
11890_E;NO
11890_F;NO
11890_G;NO
11891_A;NO
11891_B;NO
11893_A;NO
11893_B;NO
11894;NO
11896;NO
11900;NO
11901;NO
11902_A;NO
11902_B;NO
11903_A;NO
11903_B;NO
11903_C;NO
11904;NO
11906;NO
11909;NO
11910_A;NO
11910_B;NO
11910_C;NO
11910_D;NO
11912;NO
11915;NO
11917_A;NO
11917_B;NO
11919;NO
11921;NO
11923;NO
11924;NO
11925;NO
11926;NO
11928;NO
11929;SI
11930;NO
11932;NO
11935;NO
11937;NO
11938;NO
11939;NO
11940;SI 
11941;NO
11942;NO
11943;NO
11944;NO
11946;NO
11947;NO
11948;NO
11949;NO
11951;NO
11952;NO
11953;NO
11954;NO
11955_A;NO
11955_B;NO
11955_C;NO
11955_D;NO
11955_E;SI 
11955_F;NO
11955_G;NO
11956;NO
11957;NO
11959;NO
11961;NO
11963_A;NO
11963_B;NO
11963_C;NO
11963_D;NO
11964;NO
11968;NO
11970;NO
11971;NO
11972;NO
11973_A;NO
11973_B;NO
11973_C;NO
11973_D;NO
11975;NO
11976;NO
11977_A;NO
11977_B;NO
11977_C;NO
11981;NO
11983;NO
11987;NO
11990;NO
11991;NO
11994;NO
11995;NO
11997;NO
11998;NO
12001;NO
12004;NO
12005;NO
12006;NO
12008;NO
12010;NO
12013;NO
12014;NO
12016;NO
12018;NO
12019;NO
12020;NO
12021;NO
12022;NO
12023_A;NO
12023_B;NO
12024;NO
12026;NO
12027;NO
12029;NO
12030;NO
12031;NO
12033;NO
12035;NO
12036_A;NO
12036_B;NO
12036_C;NO
12036_D;NO
12036_E;NO
12036_F;NO
12038;NO
12041;NO
12042;NO
12043;SI 
12044_A;NO
12044_B;NO
12044_C;NO
12046_A;NO
12046_B;NO
12048;NO
12050;NO
12051;NO
12052;NO
12054;NO
12055;NO
12056;NO
12058;NO
12059;NO
12060;NO
12065_A;NO
12065_B;NO
12065_C;NO
12066;NO
12067;NO
12068;NO
12069_A;NO
12069_B;NO
12070;SI 
12071;NO
12072;NO
12073;NO
12074;NO
12075;NO
12076_A;NO
12076_B;NO
12076_C;NO
12077;NO
12080;NO
12081;NO
12082;NO
12085;NO
12086;NO
12087;NO
12088;NO
12089;NO
12091;NO
12092;NO
12093;NO
12094_A;NO
12094_B;NO
12097;NO
12098;NO
12099;NO
12100;NO
12101;SI
12102;NO
12103;NO
12104;NO
12105;NO
12106;NO
12108;NO
12110;NO
12111;NO
12112;NO
12113;NO
12114;NO
12116_A;NO
12116_B;NO
12116_C;NO
12116_D;NO
12117;NO
12118;NO
12119;NO
12120_A;NO
12120_B;NO
12120_C;NO
12120_D;NO
12121_A;NO
12121_B;NO
12121_C;NO
12122;NO
12123;NO
12124_A;NO
12124_B;NO
12125;NO
12126;NO
12127;NO
12129_A;NO
12129_B;NO
12130;NO
12131;NO
12132;NO
12134;NO
12136;NO
12137_A;NO
12137_B;NO
12137_C;NO
12138;NO
12139;NO
12141;NO
12142_A;NO
12142_B;NO
12142_C;NO
12143;NO
12144;NO
12145;NO
12147;NO
12148_A;NO
12148_B;NO
12148_C;NO
12148_D;NO
12151;NO
12152;NO
12153;NO
12154;NO
12155;NO
12156_A;NO
12156_B;SI
12158;NO
12159;NO
12160;NO
12161;NO
12162;NO
12163;NO
12164;NO
12165;NO
12166;NO
12167_A;NO
12167_B;NO
12167_C;NO
12168;NO
12169;NO
12170;NO
12173;NO
12174;NO
12175;NO
12177;NO
12178_A;NO
12178_B;NO
12178_C;NO
12179;NO
12180;NO
12182;NO
12183;NO
12184;NO
12185;NO
12186;NO
12187;NO
12188;NO
12190;NO
12192;NO
12193;NO
12195_A;NO
12195_B;NO
12195_C;NO
12195_D;NO
12196;NO
12197;NO
12198;NO
12199;NO
12200;NO
12201;NO
12202_A;NO
12202_B;NO
12202_C;NO
12202_D;NO
12202_E;NO
12203;NO
12204;NO
12206;NO
12209;NO
12210;NO
12212;NO
12213;NO
12214;NO
12215;NO
12216;NO
12217;NO
12218;NO
12219_A;NO
12219_B;NO
12219_C;NO
12220_A;NO
12220_B;NO
12220_C;NO
12220_D;NO
12222;NO
12223;NO
12224;NO
12225;NO
12226;NO
12227;NO
12229;NO
12230;NO
12231;NO
12234;NO
12235;NO
12236;NO
12237;NO
12238;NO
12239;NO
12240;NO
12241;NO
12242;NO
12243;NO
12244;NO
12246;NO
12249;NO
12250;NO
12251_A;NO
12251_B;NO
12253;NO
12254;NO
12255;NO
12256;NO
12257;NO
12259;NO
12260;NO
12263;NO
12264;NO
12266;NO
12269_A;NO
12269_B;NO
12272;NO
12274;NO
12275;NO
12276;NO
12277;NO
12278;NO
12279;NO
12280;NO
12281;NO
12282;NO
12283;SI 
12284;NO
12285;NO
12286;NO
12287;NO
12288;NO
12289;NO
12290;NO
12291;NO
12292;NO
12293;NO
12294;NO
12295;NO
12296;NO
12297;NO
12298;NO
12299;NO
12300;NO
12301;NO
12302;NO
12303;NO
12304_A;NO
12304_B;NO
12305;NO
12306;NO
12307;NO
12308;NO
12309;NO
12310;NO
12311;NO
12312;NO
12313_A;NO
12313_B;NO
12314;NO
12315;NO
12316;NO
12317;SI 
12318;NO
12319;NO
12320_A;NO
12320_B;NO
12320_C;NO
12321_A;NO
12321_C;NO
12322;NO
12323;NO
12324;NO
12325_A;NO
12325_B;NO
12325_C;NO
12325_D;NO
12325_E;NO
12326;NO
12327_A;NO
12327_B;NO
12327_C;NO
12327_D;NO
12328_A;NO
12328_B;NO
12329_A;NO
12329_B;NO
12330_A;NO
12330_B;NO
12330_C;NO
12330_D;NO
12337;NO
12338;NO
12339;NO
12340;NO
12341;NO
12342;NO
12343;NO
12344;NO
12345;NO
12346;SI
12347;NO
12348;NO
12349;NO
12350;NO
12351;NO
12352_A;NO
12352_B;NO
12353;NO
12354;NO
12355;NO
12356;NO
12357;NO
12358;NO
12359_A;NO
12359_B;NO
12360;NO
12361;NO
12362;NO
12363;NO
12364_A;NO
12364_B;NO
12365;NO
12366;NO
12367;NO
12368;NO
12369;NO
12370_A;NO
12370_B;NO
12371;NO
12373;NO
12375;NO
12376;NO
12377;NO
12378;NO
12379;SI 
12380;NO
12387;NO
12388_A;NO
12388_B;NO
12389;NO
12390;NO
12391;NO
12392;NO
12393;NO
12394;NO
12395;NO
12396;NO
12397;NO
12398;NO
12399;NO
12400;NO
12401_A;NO
12401_B;NO
12401_C;NO
12401_D;NO
12402;NO
12403;NO
12404;NO
12405;NO
12406_A;NO
12406_B;NO
12406_C;NO
12406_D;NO
12406_E;NO
12408;NO
12409;NO
12410;NO
12411;NO
12413;NO
12414;NO
12415;NO
12416;NO
12417;NO
12418;NO
12419;NO
12420;NO
12421_A;NO
12421_B;NO
12422;NO
12423;NO
12424;NO
12425;NO
12426;SI
12427;NO
12429;NO
12430;NO
12431;NO
12432;NO
12433;NO
12435_A;NO
12435_B;NO
12436;NO
12437;NO
12443;NO
12487_A;NO
12487_B;NO
12489_A;NO
12489_B;NO
12490_A;NO
12490_B;NO
12492;NO
12493;NO
12497;NO
12503;NO
12506_A;NO
12506_B;NO
12506_C;NO
12507;NO
12508;NO
12509;SI 
12510;NO
12511;NO
12512;NO
12513;NO
12514;NO
12683;SI
12684;NO
12776_A;NO
12776_B;NO
12776_C;NO
12777;NO
12778;NO
12779;NO
12785;NO
12789;NO
12790;NO
12792_A;NO
12792_B;NO
12798;NO
12804;NO
12807;NO
12809;NO
12854;NO
12869;NO
12873;NO
12874;NO
12875_A;NO
12875_B;NO
12875_C;NO
12876_A;NO
12876_B;NO
12885;NO
12887;NO
12888;NO
12890;NO
12891;NO
12892_A;NO
12892_B;NO
12892_C;NO
12892_D;NO
12893;SI 
12897;NO
12905;NO
12906;NO
12909;NO
12910;NO
12917_A;NO
12917_B;NO
12919;NO
12920;SI
12921;NO
12922;NO
12971;NO
12973;NO
13060;NO
13062;NO
13063;NO
13064;NO
13065;NO
13066;NO
13068;NO
13069;NO
13071;NO
13122;NO
13125;NO
13126;NO
13127;NO
13176_A;NO
13176_B;NO
13177;NO
13181;NO
13182;NO
13183;NO
13184;NO
13185;NO
13186;NO
13205;NO
13226;NO
13227;NO
13228;NO
13229;NO
13230;NO
13231;NO
13232_A;NO
13232_B;NO
13233;NO
13234;NO
13235;NO
13236;NO
13237_A;NO
13237_B;NO
13237_C;NO
13237_D;NO
13238_A;NO
13238_B;NO
13239;NO
13240;NO
13241;NO
13242;NO
13243;NO
13244;NO
13245;NO
13246;NO
13247;NO
13248;NO
13249;NO
13250;SI
13251;NO
13252;NO
13253;NO
13254;NO
13255;NO
13256;NO
13257;NO
13258;NO
13259;NO
13261;NO
13262;NO
13263_A;NO
13263_B;NO
13264;NO
13265;NO
13266_A;NO
13266_B;NO
13267;SI 
13268;SI 
13269;SI 
13270_A;NO
13270_B;NO
13271;NO
13272_A;NO
13272_B;NO
13273;NO
13274;SI
13275;NO
13276;NO
13277;NO
13278;NO
13279;NO
13280;NO
13281;NO
13282_A;NO
13282_B;NO
13282_C;NO
13282_D;NO
13282_E;NO
13283;NO
13284;NO
13285_A;NO
13285_B;NO
13286;NO
13287;NO
13288;NO
13289;SI
13290_A;NO
13290_B;NO
13290_C;NO
13290_D;NO
13291;NO
13299_A;NO
13299_B;NO
13300_A;NO
13300_B;NO
13300_C;NO
13300_D;NO
13301;NO
13339_A;NO
13339_B;NO
9113_A;NO
9113_B;NO
9113_C;NO
9113_D;NO
9113_E;NO
9114_A;NO
9114_B;NO
9114_C;NO
9114_D;NO
9114_E;NO
9114_F;NO
9114_G;NO
9115;SI 
9116_A;NO
9116_B;NO
9117;NO
9118;NO
9119_A;NO
9119_B;NO
9120_A;NO
9120_B;NO
9121;NO
9122;NO
9123;NO
9125;NO
9126;NO
9127;NO
9128_A;SI 
9128_B;NO
9128_C;NO
9129;NO
9130;NO
9131_A;NO
9131_B;NO
9131_C;NO
9131_D;NO
9133_A;NO
9133_B;NO
9133_C;NO
9133_D;NO
9133_E;NO
9134;SI
9135_A;NO
9135_B;NO
9135_C;NO
9135_D;SI
9135_E;NO
9135_F;NO
9135_G;NO
9136;NO
9137;NO
9139;NO
9140_A;NO
9140_B;NO
9141;NO
9142;NO
9143;NO
9144;NO
9145;SI 
9146;NO
9147;NO
9148;NO
9149;NO
9150;NO
9151;NO
9152;NO
9154;NO
9155;NO
9156;NO
9157_A;NO
9157_B;NO
9158;SI
9159;NO
9160;NO
9161;NO
9162;NO
9163;NO
9164;NO
9166_A;NO
9166_B;NO
9167;NO
9168_A;NO
9168_B;NO
9168_C;NO
9169;NO
9170;NO
9171;NO
9172;NO
9173;NO
9174;NO
9176_A;NO
9176_B;NO
9176_C;NO
9177_A;NO
9177_B;NO
9177_C;SI 
9177_D;NO
9177_E;NO
9178;NO
9179;NO
9181;NO
9182;NO
9184;NO
9186;NO
9187;NO
9188_A;NO
9188_B;NO
9189_A;NO
9189_B;NO
9190_A;NO
9190_B;NO
9191;NO
9192;NO
9193_A;NO
9193_B;NO
9194;NO
9195;SI
9196;NO
9197;SI 
9198_A;NO
9198_B;NO
9199;NO
9200;SI 
9201;NO
9202_A;NO
9202_B;NO
9202_C;NO
9203_A;NO
9203_B;NO
9204;SI
9206_A;NO
9206_B;NO
9207;NO
9209;NO
9212;NO
9213;NO
9214;NO
9215;NO
9216;NO
9217;NO
9218;NO
9219;NO
9220;NO
9221;NO
9222;NO
9223;NO
9224;NO
9225;NO
9226;NO
9228;NO
9229;NO
9231;NO
9233;NO
9234;NO
9236;SI 
9238;NO
9239;NO
9241;NO
9242;NO
9243_A;NO
9243_B;NO
9244;NO
9245;NO
9246;NO
9247;NO
9248;NO
9249;NO
9251;NO
9252;NO
9253;NO
9254;NO
9255;NO
9256;NO
9257;NO
9258;NO
9260;NO
9261;NO
9262;NO
9263;NO
9265;NO
9267;NO
9269_A;SI
9269_B;NO
9270;NO
9271;NO
9273;NO
9274;NO
9275;NO
9276;SI 
9279_A;NO
9279_B;NO
9279_C;NO
9279_D;NO
9279_E;NO
9280;NO
9281_A;SI 
9281_B;NO
9281_C;NO
9281_D;NO
9282;SI 
9283;NO
9284;NO
9285;NO
9286;NO
9287;NO
9289;NO
9290;NO
9291;NO
9292_A;SI
9292_B;SI 
9293;NO
9294_A;NO
9294_B;NO
9295;NO
9296;SI
9297;NO
9299_A;NO
9299_B;SI
9300;NO
9301;NO
9302;SI
9303;NO
9304_A;SI 
9304_B;SI
9305_A;NO
9305_B;NO
9305_C;NO
9305_D;NO
9305_E;NO
9306_A;NO
9306_B;NO
9306_C;NO
9306_D;SI 
9306_E;NO
9307_A;NO
9307_B;NO
9309_A;SI
9309_B;NO
9310;NO
9311;NO
9312_A;NO
9312_B;NO
9314;NO
9315;NO
9316;NO
9317;NO
9318;NO
9319;SI 
9320;NO
9321;NO
9322;NO
9323_A;NO
9323_B;NO
9324;NO
9325;SI 
9326;NO
9327;NO
9328;NO
9329;NO
9330;NO
9331;NO
9332;NO
9333;NO
9334;NO
9335;NO
9336;NO
9337_A;NO
9337_B;NO
9337_C;NO
9339;NO
9340;NO
9343;NO
9344;NO
9345;NO
9346;NO
9347;NO
9348;NO
9349;NO
9350;NO
9351;NO
9352;NO
9353_A;NO
9353_B;NO
9354;NO
9355_A;NO
9355_B;NO
9356;NO
9357;NO
9358;NO
9359;NO
9360_A;SI 
9360_B;NO
9361;SI
9362_A;SI 
9362_B;NO
9365;NO
9366;NO
9367;NO
9368;SI 
9369;NO
9370;SI 
9371_A;NO
9371_B;NO
9371_C;SI 
9372;NO
9373;NO
9375;NO
9376;NO
9378;NO
9381_A;NO
9381_B;NO
9382;NO
9383;NO
9385;NO
9389;NO
9390;NO
9391_A;NO
9391_B;NO
9391_C;NO
9392;NO
9393;NO
9394;NO
9395;NO
9396;NO
9397;NO
9398;NO
9400_A;NO
9400_B;NO
9400_C;NO
9401;NO
9402;NO
9403;SI 
9404;NO
9405;NO
9406;NO
9407;NO
9408;SI 
9409;SI 
9410;NO
9411;NO
9412;NO
9414;NO
9415;NO
9416_A;NO
9416_B;NO
9417;NO
9418;NO
9419;NO
9422;NO
9423;NO
9424;NO
9425_A;NO
9425_B;NO
9425_C;NO
9426_A;SI 
9426_B;NO
9426_C;NO
9427;NO
9428;NO
9429;NO
9430;SI
9431;NO
9432;NO
9433;SI
9434;NO
9435;NO
9436;SI 
9437;NO
9438;NO
9439;NO
9440;NO
9441;NO
9442;SI
9443;NO
9444;NO
9445_A;NO
9445_B;NO
9445_C;NO
9445_D;NO
9445_E;NO
9446;NO
9447;NO
9449;NO
9450;NO
9451_A;SI
9451_B;NO
9451_C;NO
9452;NO
9453;NO
9454;NO
9455;NO
9458;NO
9459_A;NO
9459_B;NO
9459_C;NO
9459_D;NO
9460;NO
9461;NO
9462_A;NO
9462_B;NO
9463;NO
9464;NO
9465;NO
9467;NO
9470;NO
9471;NO
9472;NO
9473;NO
9474;NO
9475;NO
9476;SI 
9478;NO
9479;NO
9480_A;SI 
9480_B;SI 
9481;NO
9482;NO
9483;NO
9484_A;NO
9484_B;NO
9484_C;NO
9485;NO
9487;NO
9488;NO
9490;SI 
9494;NO
9496;NO
9497_A;NO
9497_B;NO
9498;NO
9499;NO
9501;NO
9502;NO
9504;NO
9505;SI 
9506;NO
9507;NO
9508;NO
9509;NO
9510;NO
9511;NO
9512;NO
9513;NO
9515;NO
9517;NO
9519;NO
9520;NO
9521_A;SI
9521_B;NO
9522;NO
9523;NO
9524;NO
9525;NO
9526;SI 
9527;NO
9528;NO
9530;NO
9531;NO
9532;SI
9533_A;NO
9533_B;NO
9535;NO
9536;SI 
9537;NO
9538;NO
9539;SI 
9541;SI 
9542;SI 
9543_A;NO
9543_B;NO
9544;NO
9545;NO
9546;SI 
9547;NO
9548;NO
9549;NO
9550;NO
9551_A;NO
9551_B;NO
9551_C;NO
9552;SI 
9554;NO
9555;NO
9557_A;NO
9557_B;SI
9558;NO
9559;NO
9560_A;SI 
9560_B;NO
9562;NO
9563;NO
9564;NO
9565;SI
9566;SI 
9567;NO
9569;NO
9570_A;SI
9570_B;SI 
9571_A;NO
9571_B;SI 
9571_C;NO
9571_D;SI 
9572;NO
9573;NO
9574;NO
9575;NO
9576;NO
9577;NO
9579;NO
9580;NO
9582;SI 
9584_A;NO
9584_B;NO
9584_C;NO
9584_D;SI 
9585;NO
9586;NO
9587;NO
9588;NO
9589;NO
9590;NO
9591;NO
9593;SI 
9596;NO
9597_A;NO
9597_B;NO
9599;NO
9601;NO
9602;NO
9603;NO
9604_A;NO
9604_B;NO
9604_C;NO
9604_D;NO
9606;NO
9607;SI 
9608_A;NO
9608_B;NO
9609;NO
9610;NO
9611;NO
9612;NO
9613;NO
9614_A;NO
9614_B;NO
9615;NO
9617;NO
9618;NO
9619_A;NO
9619_B;NO
9619_C;NO
9622_A;NO
9622_B;NO
9622_C;NO
9623;NO
9625;NO
9626_A;NO
9626_B;NO
9626_C;NO
9627;NO
9628;NO
9629;NO
9630;NO
9631;NO
9632;NO
9633_A;NO
9633_B;NO
9633_C;NO
9634;NO
9636;NO
9637_A;NO
9637_B;NO
9638;NO
9639;NO
9640;SI 
9641;SI 
9644;NO
9645;NO
9646;NO
9647;NO
9650;NO
9651;NO
9652;NO
9653;NO
9654;NO
9655;NO
9657;NO
9659;NO
9660;NO
9661;NO
9662;NO
9669;NO
9670_A;NO
9670_B;NO
9670_C;NO
9672;NO
9673;SI 
9674;NO
9675_A;NO
9675_B;SI 
9676_A;NO
9676_B;NO
9676_C;NO
9677_A;NO
9677_B;NO
9677_C;SI 
9678;NO
9679_A;NO
9679_B;NO
9680;NO
9681;NO
9682;NO
9683;NO
9684;NO
9685;SI 
9686;NO
9687;NO
9688;NO
9689;NO
9690;NO
9691;SI 
9692;NO
9693;NO
9694;SI 
9695;NO
9696;NO
9697;NO
9698;SI
9699;NO
9700;NO
9701;NO
9702;NO
9703;NO
9704;NO
9705;NO
9706;NO
9707;NO
9708;NO
9709;NO
9710;NO
9711;NO
9712;SI 
9713;NO
9714;NO
9715;NO
9716;NO
9717;NO
9718;NO
9719;NO
9720;NO
9721;NO
9722;NO
9723;NO
9724;NO
9725;NO
9726;NO
9727;NO
9728;NO
9729;NO
9730;NO
9731;NO
9732;NO
9733;NO
9734;SI
9735;NO
9736_A;NO
9736_B;NO
9737;NO
9738;NO
9739;NO
9740;NO
9741;NO
9742;NO
9743;SI 
9744;NO
9745;SI 
9746_A;NO
9746_B;NO
9747;NO
9748;NO
9749;NO
9750;NO
9751;NO
9752;NO
9753;NO
9754;NO
9755_A;NO
9755_B;SI
9756;NO
9757;NO
9758;NO
9759;SI 
9760;NO
9773;NO
9776;NO
9778;NO
9787_A;NO
9787_B;NO
9787_C;NO
9787_D;NO
9787_E;NO
9787_F;NO
9797;NO
9798;NO
9800;NO
9804;NO
9808_A;NO
9808_B;NO
9810;NO
9812;NO
9815;NO
9816;NO
9818;NO
9820;NO
9823;NO
9825;NO
9828;NO
9834;SI 
9835;NO
9836;NO
9837;NO
9838;NO
9839;NO
9840;NO
9860;NO
9864;NO
9865;NO
9866;NO
9868;NO
9869;NO
9885;NO
9892;NO
9894;NO
9898;NO
9908_A;NO
9908_B;NO
9909;NO
9910;NO
9913_A;NO
9913_B;NO
9914;NO
9917;NO
9932;NO
9937;NO
9941;NO
9942;NO
9944;NO
9950_A;NO
9950_B;NO
9959_A;NO
9959_B;NO
9960;NO
9970;NO
9974_A;NO
9974_B;NO
9985;NO
9992_A;NO
9992_B;NO
9994;NO
9996_A;NO
9996_B;NO
12439;NO
12456;NO
12518;NO
12519;NO
12520;NO
12522;NO
12523;NO
12524;NO
12525;NO
12526;NO
12527;NO
12528;NO
12529;NO
12530;NO
12531;NO
12532;NO
12534;NO
12535;NO
12536;NO
12537;NO
12538;NO
12539;NO
12540;NO
12542;NO
12543;SI 
12546;NO
12547;NO
12548;NO
12595;NO
12596;NO
12597;NO
12641;NO
12651;NO
12652;NO
12653;NO
12654;NO
12655;NO
12660;NO
12661;NO
12662;NO
12663;NO
12851;NO
13225;NO
13293;NO
13294;NO
4668;NO
4671_A;NO
4671_B;NO
4672;NO
4673;NO
4674;NO
4675;NO
4677;NO
4680;NO
4683;NO
4684;NO
4685;NO
4686_A;NO
4686_B;NO
4686_C;NO
4688;NO
4689;NO
4690;NO
4691;NO
4692;NO
4693;NO
4694;NO
4695;NO
4696;NO
4698;NO
4699;NO
4700;NO
4702_A;NO
4702_B;SI
4703;NO
4704;NO
4705;NO
4707;NO
4708;NO
4710;NO
4712;NO
4713;NO
4714;NO
4715_A;NO
4715_B;NO
4716;NO
4718;NO
4722_A;NO
4722_B;NO
4723;NO
4725;NO
4726;NO
4729;NO
4730;SI 
4731;NO
4732;NO
4734;NO
4735_A;NO
4735_B;NO
4736;NO
4737;NO
4741;NO
4745;NO
4751;NO
4759_A;SI 
4759_B;NO
4764;NO
4765;NO
4769_A;NO
4769_B;NO
4770;NO
4775;NO
4781;NO
4786;NO
4789;NO
4790;NO
4792;NO
4793;NO
4795;NO
4796;NO
4798;NO
4800;NO
4801;NO
4806;NO
4807;NO
4808;NO
4809;NO
4810;NO
4811;NO
4814;NO
4815;NO
4816;NO
4820;NO
4821;NO
4826;NO
4827;NO
4828;NO
4831;NO
4834;SI 
4835;NO
4837;NO
4840;NO
4841;NO
4848;NO
4849;NO
4850;NO
4851;NO
4852;NO
4854;NO
4855;NO
4856;NO
4857;NO
4858;NO
4859;NO
4860;NO
4861;NO
4862;NO
4863;NO
4864;NO
4865;NO
4866;NO
4867;NO
4868;NO
4869;NO
4870;NO
4871;NO
4872;NO
4878;NO
4879;NO
4884;NO
4887;NO
4888;NO
4897;NO
4898;NO
4899;NO
4903;NO
4904;NO
4908_A;NO
4908_B;NO
4908_C;NO
4909;NO
4916;NO
4917;NO
4919;NO
4920;NO
4921;NO
4922;NO
4924;NO
4926;NO
4927;NO
4928;NO
4929;NO
4930;NO
4931;NO
4932;NO
4933;NO
4934;NO
4935;NO
4936;NO
4937;NO
4938;NO
4939;NO
4940;NO
4941;NO
4942;NO
4943;NO
4944;NO
4946;NO
4949;NO
4950;NO
4951;NO
4952_A;NO
4952_B;NO
4953;NO
4954_A;NO
4954_B;NO
4955;NO
4956;NO
4957;NO
4958;NO
4959;NO
4961_A;NO
4961_B;NO
4961_C;NO
4961_D;NO
4962;NO
4963;NO
4964;NO
4965;NO
4966;NO
4967;NO
4968;NO
4969;NO
4970;NO
4971;NO
4972;NO
4973;NO
4974;NO
4976;NO
4977;NO
4978;NO
4979;NO
4980;NO
4981;NO
4982;NO
4983;NO
4984;NO
4985;NO
4986;NO
4987;NO
4988;NO
4989;NO
4990;NO
4991_A;NO
4991_B;NO
4992;NO
4993;NO
4994;NO
4995_A;NO
4995_B;NO
4995_C;NO
4995_D;NO
4996;NO
4997;NO
4998;NO
4999;NO
5000;NO
5002;NO
5004;NO
5005;NO
5007;NO
5008;NO
5009;NO
5010;NO
5011;NO
5012;NO
5013;NO
5014;NO
5015;NO
5017;NO
5019;NO
5020;NO
5021;NO
5022;NO
5023;NO
5024;NO
5025;NO
5026;NO
5027;NO
5028;NO
5029;NO
5030;NO
5031;NO
5032;NO
5033;NO
5034;NO
5035_A;NO
5035_B;NO
5035_C;NO
5036;NO
5037;NO
5038;NO
5039_A;NO
5039_B;NO
5039_C;NO
5040;NO
5041;NO
5042;NO
5043;NO
5044;NO
5045;NO
5046;NO
5047_A;NO
5047_B;NO
5047_C;NO
5048;NO
5049_A;NO
5049_B;NO
5049_C;SI
5049_D;NO
5050;NO
5051;NO
5052;NO
5054;NO
5055;NO
5056;NO
5057;NO
5058;NO
5059;NO
5060;NO
5061;NO
5062;NO
5063;NO
5064;NO
5066;NO
5067;NO
5068;NO
5070;NO
5071;NO
5072;NO
5073;SI 
5074;NO
5075;NO
5076;NO
5077;NO
5078;NO
5079;NO
5080;NO
5081;NO
5082;NO
5083;NO
5084;NO
5085;NO
5087;NO
5088;NO
5089;NO
5090;NO
5092;NO
5093;NO
5094;NO
5095;NO
5096;NO
5097;NO
5098;NO
5099;NO
5100;NO
5101;NO
5102;NO
5103;NO
5104_A;NO
5104_B;NO
5104_C;NO
5104_D;NO
5105;NO
5107;NO
5108;NO
5109;NO
5110;NO
5111;NO
5112;NO
5113;NO
5114;NO
5115;NO
5116;NO
5117;NO
5118;NO
5119;NO
5120;NO
5121;NO
5122;NO
5123;NO
5124;NO
5125;NO
5126;NO
5127;NO
5128;NO
5129;NO
5130;NO
5131;NO
5132;NO
5133;NO
5134;NO
5135;NO
5136;NO
5137;NO
5138;NO
5139;NO
5140;NO
5141;NO
5142;NO
5143;NO
5144;NO
5145;NO
5146_A;NO
5146_B;NO
5147;NO
5148;NO
5149;NO
5150;NO
5152;NO
5154;NO
5155;NO
5156;NO
5157;NO
5158;NO
5159;NO
5160;NO
5161;NO
5162;NO
5163;NO
5164;NO
5165;NO
5166;NO
5167;NO
5168;NO
5169;NO
5170;NO
5171;NO
5172;SI
5173;NO
5174;NO
5175;NO
5176;NO
5177;NO
5178;NO
5179;NO
5180;NO
5181;NO
5182;NO
5183;NO
5184;NO
5185;NO
5186;NO
5187;NO
5188;NO
5189;NO
5191;NO
5192;NO
5194;NO
5195;NO
5196;NO
5197;NO
5198;NO
5199;NO
5201;NO
5202;NO
5204;NO
5205;NO
5206;NO
5207;NO
5208;NO
5209;NO
5210;NO
5211;NO
5212;NO
5215;NO
5216;NO
5217;NO
5218;NO
5219;NO
5220;NO
5221;NO
5222;NO
5223;NO
5224;NO
5225;NO
5226;NO
5227;NO
5228;NO
5229;NO
5230;NO
5231;NO
5232;NO
5233;NO
5234;NO
5235;NO
5236;NO
5237;NO
5238;NO
5239;NO
5240;NO
5241;NO
5242;NO
5244;NO
5245;NO
5246;NO
5247;NO
5248;NO
5249;NO
5250;NO
5251;NO
5252;NO
5253;NO
5254;NO
5255;NO
5256;NO
5257;NO
5258;NO
5259;NO
5260;NO
5261;NO
5262;NO
5263;NO
5264;NO
5265;NO
5266;NO
5267;NO
5268;SI 
5269;NO
5270;NO
5271;NO
5272;NO
5274;NO
5275;NO
5277;NO
5278;NO
5279;NO
5280;NO
5284;NO
5285;NO
5286;NO
5287;NO
5288;NO
5289;NO
5290;NO
5291;NO
5292;NO
5294;NO
5296;NO
5297;NO
5298;NO
5299;NO
5300;NO
5301;NO
5302;NO
5303;NO
5304;NO
5305;NO
5306;NO
5308;NO
5309;NO
5310;NO
5311;NO
5312;NO
5313;NO
5314;NO
5315;NO
5316;NO
5317;NO
5318;NO
5319;NO
5320;NO
5322;NO
5323;NO
5324;NO
5325;NO
5327;NO
5328;NO
5329;NO
5330;NO
5331;NO
5332;NO
5333;NO
5334;NO
5335;NO
5337;NO
5338;NO
5340;NO
5341;NO
5342;NO
5344;NO
5345;NO
5346;NO
5347;NO
5348;NO
5349;NO
5350;NO
5353;NO
5356;NO
5357;NO
5360;NO
5361;NO
5362;NO
5363;NO
5364;NO
5365;NO
5366;NO
5367;NO
5368;NO
5369;NO
5370;NO
5371;NO
5372;NO
5373;NO
5374;NO
5375;SI
5376;NO
5378;NO
5379;NO
5380;NO
5381;NO
5382;NO
5383;NO
5384;NO
5385;NO
5386;NO
5387;NO
5388;NO
5389;NO
5390;NO
5391;NO
5392;NO
5393;NO
5394;NO
5395;NO
5396;NO
5397;NO
5398_A;NO
5398_B;NO
5399;NO
5400;NO
5401;NO
5402;NO
5404;NO
5405;NO
5406;NO
5407;NO
5408;NO
5409;NO
5410;NO
5411;NO
5412;NO
5413;NO
5414;NO
5415;NO
5416;NO
5417;NO
5418;NO
5419;NO
5420;NO
5421;NO
5422;NO
5423;NO
5424;NO
5425;NO
5426;NO
5427;NO
5428;NO
5429;NO
5430;NO
5431;NO
5432;NO
5433;NO
5434;NO
5435;NO
5436;NO
5437;NO
5438;NO
5439;NO
5440;NO
5441;NO
5442;NO
5443;NO
5444;NO
5445;NO
5446;NO
5447;NO
5448;NO
5449;NO
5450;NO
5451;NO
5452;NO
5453;NO
5454;NO
5455;NO
5456;NO
5457;NO
5458;NO
5459;NO
5460;NO
5461;NO
5462;NO
5463;NO
5464;NO
5465;NO
5466;NO
5468;NO
5469;NO
5470_A;NO
5470_B;NO
5471;NO
5472;NO
5473;NO
5474;NO
5475;NO
5476;NO
5477;NO
5478;NO
5479;NO
5480;NO
5481;NO
5482;NO
5483_A;NO
5483_B;NO
5483_C;NO
5483_D;NO
5484;NO
5485;NO
5486;NO
5487;NO
5488;NO
5489;NO
5490;NO
5491;NO
5492;NO
5493;NO
5495;NO
5496;NO
5497;NO
5498;NO
5499;NO
5502;NO
5503;NO
5504;NO
5505;NO
5506;NO
5507;NO
5508;NO
5509;NO
5510;NO
5511;NO
5512;NO
5513;NO
5515;NO
5516;NO
5517;NO
5519;NO
5521;NO
5522;NO
5523;NO
5524;NO
5525;NO
5526;NO
5527;NO
5528;SI 
5529_A;NO
5529_B;NO
5529_C;NO
5530;NO
5531;NO
5532;NO
5534;NO
5535;NO
5536;NO
5537;NO
5538;NO
5540_A;NO
5540_B;NO
5541_A;NO
5541_B;NO
5542;NO
5543;NO
5544;NO
5545;NO
5546;NO
5547;NO
5548;NO
5549;NO
5550;NO
5551;NO
5552;NO
5553;NO
5554;NO
5555;NO
5556;NO
5557;NO
5558;NO
5559_A;SI
5559_B;SI
5560;NO
5561;NO
5562;NO
5563;NO
5564;NO
5565;NO
5566;NO
5567;NO
5568;NO
5569;NO
5570;NO
5571;NO
5572;NO
5573;NO
5574;NO
5575;NO
5576;NO
5577;NO
5578;NO
5579;NO
5580;NO
5581;NO
5582;NO
5583;NO
5584;NO
5585;NO
5586;NO
5587;NO
5588;NO
5589;NO
5590;NO
5591;NO
5592;NO
5593;NO
5594;NO
5595;NO
5596;NO
5597;NO
5598;NO
5599;NO
5600;NO
5601;NO
5602;NO
5603;NO
5604;NO
5605;NO
5606;NO
5607;NO
5608;NO
5609;NO
5610;NO
5611;NO
5612;NO
5613;NO
5614;NO
5692;NO
6763;NO
7176;NO
7178;NO
7180;NO
7181;NO
7184;NO
7185;NO
7186;NO
7187;NO
7188;NO
7189;NO
7211;NO
7227;NO
7228;NO
7229;SI 
7455;NO
7587;NO
7591;NO
7632;NO
7634;NO
7635;NO
7638;NO
8525;NO
8531;NO
8532;NO
8537;NO
10002;NO
10003_A;NO
10003_B;NO
10003_C;NO
10003_D;NO
10003_E;NO
10007;NO
10009;NO
10010_A;NO
10010_B;NO
10011_A;NO
10011_B;NO
10011_C;NO
10011_D;NO
10011_E;NO
10011_F;NO
10013;NO
10014_A;NO
10014_B;NO
10014_C;NO
10014_D;NO
10015;NO
10019_A;NO
10019_B;NO
10020_A;NO
10020_B;NO
10021;NO
10031;NO
10042_A;NO
10042_B;NO
10042_C;NO
10042_D;NO
10049;NO
10052_A;NO
10052_B;NO
10052_C;NO
10052_D;NO
10052_E;NO
10052_F;NO
10052_G;NO
10055;NO
10056_A;NO
10056_B;NO
10056_C;NO
10056_D;NO
10060;NO
10074;NO
10076;NO
10080_A;NO
10080_B;NO
10081;NO
10082;NO
10104;NO
10130;NO
10132_A;NO
10132_B;NO
10132_C;NO
10132_D;NO
10132_E;NO
10133;NO
10136;NO
10156;NO
10160_A;NO
10160_B;NO
10160_C;NO
10166;NO
10171_A;NO
10171_B;NO
10184_A;NO
10184_B;NO
10184_C;NO
10189;NO
10231_A;NO
10231_B;NO
10231_C;NO
10231_D;NO
10231_E;NO
10231_F;NO
10251;NO
10252;NO
10254;NO
10255;NO
10258;NO
10259;NO
10265;NO
10398_A;NO
10398_B;NO
10401_B;NO
10401_C;NO
10403_A;NO
10403_B;NO
10405_A;NO
10405_B;NO
10405_C;NO
10406;SI
10408;NO
10412_A;NO
10412_B;NO
10412_C;NO
10413;NO
10414;NO
10418;NO
10419;NO
10420_A;NO
10420_B;NO
10421;NO
10422_A;NO
10422_B;NO
10422_C;NO
10424_A;NO
10424_B;NO
10425_A;NO
10425_B;NO
10426_A;NO
10426_B;NO
10427;NO
10428;NO
10430;NO
10431;NO
10434;NO
10435;NO
10436_A;NO
10436_B;NO
10436_C;NO
10436_D;NO
10436_E;NO
10436_F;NO
10437;NO
10440;NO
10441;NO
10446;NO
10450_A;NO
10450_B;NO
10452;NO
10459_A;NO
10459_B;NO
10462;NO
10482;NO
10485;NO
10488;NO
10491;NO
10494;NO
10495;NO
10611;NO
10612;NO
10614;NO
10630_A;NO
10630_B;NO
10630_C;NO
10630_D;NO
10657;NO
10658_A;NO
10658_B;NO
10660;SI 
10661;NO
10662;NO
10669;NO
10670;NO
10675;NO
10682_A;NO
10682_C;NO
10683;NO
10700;NO
10701;NO
10746;NO
10747;NO
10748;NO
10750_A;NO
10750_B;NO
10751;NO
10754_A;NO
10754_B;NO
10754_C;NO
10756;NO
10758_A;NO
10758_B;NO
10906;NO
10908_A;NO
10908_B;NO
10908_C;NO
10908_D;NO
10909_A;NO
10909_B;NO
10909_C;NO
10923_A;NO
10923_B;NO
10923_C;NO
10923_D;NO
10923_E;NO
10924;NO
10928_A;NO
10928_B;NO
10939;NO
10940;NO
11096_A;NO
11096_B;NO
11099;NO
11104;NO
11114;NO
11125;NO
11129;NO
11134;NO
11143;NO
11148_A;NO
11148_B;NO
11149;NO
11157;NO
11167_A;NO
11167_B;NO
11181;NO
11183;NO
11186_A;NO
11186_B;NO
11186_C;NO
11187_A;NO
11187_B;NO
11188_A;NO
11188_B;NO
11188_C;NO
11188_D;NO
11190;SI 
11191;NO
11192_A;NO
11192_B;NO
11198;NO
11202_A;NO
11202_B;NO
11203;NO
11207;NO
11211;NO
11215;NO
11222;NO
11227;NO
11228;NO
11229_A;NO
11229_B;NO
11229_C;NO
11232;NO
11234;NO
11253_A;NO
11253_B;NO
11260;NO
11263;NO
11272;SI
11315;NO
11324;NO
11327;NO
11361_A;NO
11361_B;NO
11370_A;NO
11370_B;NO
11371;NO
11440_A;NO
11440_B;NO
11440_C;NO
11440_D;NO
11441;NO
11443;NO
11444_A;NO
11444_B;NO
11446;NO
11448_A;NO
11448_B;NO
11449;NO
11458;NO
11461;NO
11463;NO
11469;NO
11474_A;NO
11474_B;NO
11474_C;NO
11498;NO
11499;NO
11500;NO
11501;NO
11502;NO
11504;NO
11506;NO
11513;NO
11515;NO
11573;NO
11574_A;NO
11574_B;NO
11575;NO
11580_A;NO
11580_B;NO
11583_A;NO
11583_B;NO
11583_C;NO
11590;NO
11609;NO
11610_A;NO
11610_B;NO
11613;NO
11617_A;NO
11617_B;NO
11651;NO
11677;NO
11743_A;NO
11743_B;NO
11748;NO
11752;NO
11762;NO
11772;NO
11773;NO
11789_A;NO
11789_B;NO
11789_C;NO
11798_A;NO
11798_B;NO
11815;NO
11816_A;NO
11816_B;NO
11817;NO
11818;NO
11846_A;NO
11846_B;NO
11854;NO
11859;NO
11861_A;NO
11861_B;NO
11864;NO
11865;NO
11867_A;NO
11867_B;NO
11867_C;NO
11867_D;NO
11869_A;NO
11869_B;NO
11871;NO
11873;NO
11874;NO
11875_A;NO
11875_B;NO
11875_C;NO
11875_D;NO
11878_A;NO
11878_B;NO
11882;NO
11883;NO
11884;NO
11885;NO
11886_A;NO
11886_B;NO
11887;NO
11897;NO
11898_A;NO
11898_B;NO
11914;NO
11920;NO
11927;NO
11933;NO
11934;NO
11965;NO
11984;NO
11986;NO
11988_A;NO
11988_B;NO
11988_C;NO
12017_A;NO
12017_B;SI 
12032_A;NO
12032_B;NO
12053;NO
12062_A;NO
12062_B;NO
12062_C;NO
12062_D;NO
12064_A;NO
12064_B;NO
12221;NO
9770;NO
9771;NO
9784;NO
9786;NO
9790;NO
9791_A;NO
9791_B;NO
9793_A;NO
9793_B;NO
9795_A;NO
9795_B;NO
9807;NO
9826;NO
9843_A;NO
9843_B;NO
9847;SI 
9850;NO
9852;NO
9855_A;NO
9855_B;NO
9855_C;NO
9856;NO
9857;NO
9859_A;NO
9859_B;NO
9862;NO
9867;NO
9873;NO
9875;NO
9877;NO
9880;NO
9883;NO
9884;NO
9886;NO
9889_A;NO
9889_B;NO
9893;NO
9897;NO
9899_A;NO
9899_B;NO
9899_C;NO
9900;NO
9902;NO
9906_A;NO
9906_B;NO
9923_A;NO
9923_B;NO
9923_C;NO
9924;NO
9927;NO
9928;NO
9929_A;NO
9929_B;SI
9929_C;NO
9934_A;NO
9934_B;NO
9934_C;NO
9938;NO
9939;NO
9946_A;NO
9946_B;NO
9946_C;NO
9946_D;NO
9946_E;NO
9946_F;NO
9946_G;NO
9946_H;NO
9946_I;NO
9948;NO
9953_A;NO
9953_B;NO
9965;NO
9969_A;NO
9969_B;NO
9976;NO
9977_A;NO
9977_B;NO
9978;NO
9979;NO
9980;NO
9982_A;NO
9982_B;NO
9984;NO
10194;SI 
10445;NO
11355;NO
12034;NO
12455_A;NO
12455_B;NO
12455_C;NO
12675;NO
12678_A;NO
12678_B;NO
12678_C;NO
12678_D;NO
12678_E;NO
12689;NO
12692_A;NO
12692_B;SI
12693;SI
12944;SI
12957;SI
1643_A;NO
1643_B;NO
1649_A;NO
1649_B;SI
1649_C;NO
1649_D;NO
1739_A;NO
1739_B;NO
1739_C;NO
1744;NO
1747;NO
1748;NO
1749;NO
1750_A;NO
1750_B;NO
1750_C;NO
1834;NO
1840;NO
1892;NO
1907_A;NO
1907_B;SI 
1907_C;NO
2062;NO
2074;NO
2084_A;NO
2084_B;NO
2099_A;SI 
2099_B;NO
2112;SI
2122;NO
2140;NO
2150_A;NO
2150_B;NO
2150_C;NO
2161_A;NO
2161_B;NO
2161_C;NO
2306;SI
2308;NO
2343_A;NO
2346;SI 
2347;NO
2353_A;NO
2353_B;NO
2363;NO
2364;SI
2376;NO
2380;NO
2405;NO
2442_A;NO
2442_B;NO
2442_C;NO
2496;NO
2499;NO
2509;NO
2527;NO
2528_A;NO
2528_B;NO
2530;NO
2545;NO
2556_A;NO
2556_B;SI 
2573_A;NO
2573_B;NO
2573_C;SI
2575;NO
2584;NO
2588;NO
2604;NO
2605;NO
2620;NO
2621_A;SI 
2621_B;NO
2621_C;NO
2621_D;NO
2623;NO
2635;NO
2661;NO
2662_A;NO
2662_B;NO
2662_C;SI 
2673;SI
2675_A;NO
2675_B;NO
2689_A;NO
2689_B;NO
2689_C;NO
2689_D;NO
2691;NO
2696;NO
2697;NO
2698_A;NO
2709;SI
2725;NO
2728;NO
2740;NO
2742_A;NO
2742_B;NO
2742_C;NO
2745;NO
2764_A;NO
2764_B;NO
2766;NO
2780_A;NO
2780_C;NO
2780_D;NO
2781_A;NO
2781_B;NO
2821;SI
2828;NO
2829_A;NO
2829_B;SI 
2829_C;NO
2829_D;NO
2829_E;NO
2831;NO
2835;NO
2839_A;SI
2839_B;NO
2841_A;NO
2841_B;NO
2841_C;NO
2846;NO
2854;NO
2879;NO
2882_A;NO
2882_B;NO
2882_C;NO
2890_A;NO
2890_B;NO
2890_C;SI 
2890_D;NO
2899_A;NO
2899_B;NO
2909;NO
2911;SI
2926;NO
2929;NO
2956_A;NO
2956_B;SI 
2967;NO
2971;NO
2995_A;NO
2995_B;NO
3029_A;NO
3029_B;NO
3031;NO
3043;NO
3049;NO
3050_A;NO
3050_B;NO
3050_C;NO
3062;NO
3070;NO
3073;NO
3078_B;NO
3078_C;NO
3078_E;NO
3080;NO
3083_A;NO
3083_B;NO
3086;NO
3097;NO
3102_A;SI
3102_B;NO
3105;NO
3106_A;NO
3106_B;NO
3113;NO
3124_A;NO
3124_B;NO
3156;NO
3166_A;NO
3166_B;NO
3174;SI
3180;NO
3181_A;NO
3181_B;SI 
3190_A;NO
3190_B;NO
3200;SI 
3208;NO
3220;SI 
3232;NO
3236;NO
3254;NO
3274;NO
3275;NO
3299;NO
3301;NO
3304_A;NO
3304_B;NO
3304_C;NO
3315_A;NO
3315_B;NO
3315_C;NO
3316;NO
3333;NO
3335_A;NO
3335_B;NO
3335_C;NO
3335_D;NO
3335_E;NO
3348;NO
3349_A;NO
3349_B;NO
3350;NO
3356;NO
3368_A;NO
3368_B;NO
3369_A;NO
3369_B;NO
3373_A;NO
3373_B;NO
3373_C;NO
3376_A;NO
3376_B;NO
3378;NO
3384;NO
3385;NO
3388;NO
3393_A;NO
3393_B;NO
3395;NO
3396;SI 
3398;NO
3403;NO
3405_A;NO
3405_B;NO
3406;NO
3410;NO
3413;NO
3440;NO
3449;NO
3453;NO
3482;NO
3489;NO
3493;NO
3496;NO
3497_A;NO
3497_B;NO
3497_C;NO
3577_A;SI
3577_B;NO
3581_D;NO
3634_A;NO
3634_B;NO
3634_C;NO
3679;NO
3697;NO
3779;NO
3802_A;NO
3802_B;NO
3864_A;NO
3864_B;NO
3864_C;NO
3873;NO
3893;NO
3899;NO
3917_A;NO
3917_B;NO
3917_C;NO
3917_D;NO
4196;NO
4251;SI
2101_A;NO
2101_B;NO
2354_A;SI
2354_B;NO
2372;NO
2413;NO
2656_A;NO
2656_B;SI 
2656_C;SI
2657;SI 
2669;SI
2830;SI 
2887;NO
2903_A;NO
2903_B;SI 
3175_A;NO
3175_B;NO
3198;NO
3202;NO
3287;NO
3325;NO
3510_A;NO
3510_B;NO
3510_C;NO
3512;NO
3520;NO
4201;NO
12541;NO
2320;NO
2325;NO
2331;NO
2368;NO
2369;NO
2377;NO
2386;NO
2393;NO
2402;NO
2406;NO
2408;NO
2460;NO
2467;NO
2652;NO
2655;NO
2668;NO
2819_A;NO
2819_B;NO
2819_C;NO
2819_D;NO
2901_A;NO
2901_B;NO
2912;NO
2917;NO
2932_A;NO
2932_B;NO
2957;NO
3178_A;SI 
3178_B;NO
3314_A;NO
3314_B;NO
3321;NO
3327;NO
3518;NO
3525_A;NO
3525_B;NO
3525_C;NO
3552;NO
3559;NO
3832_A;NO
3832_B;NO
3832_C;NO
3845;NO
4170;NO
4171;SI 
7601;NO
12573;NO
12592;NO
12600_A;NO
12600_B;NO
12602;NO
12606_A;NO
12606_B;NO
12606_C;NO
12606_D;NO
12606_E;NO
12606_F;NO
12625;NO
12716;NO
12717;NO
12718_A;NO
12718_B;NO
12719;NO
12720;NO
12721;NO
12722;NO
12723;NO
12724;NO
12725;NO
12726_A;NO
12726_B;NO
12727;NO
12728;NO
12729;NO
12730;NO
12732;NO
12733;NO
12734;NO
12735;NO
12736;NO
12737;NO
12738;NO
12739;NO
12740;NO
12741;NO
12742;NO
12743;NO
12744;NO
12745;NO
12746;NO
12747;NO
12748;NO
12749;NO
12750;NO
12751;NO
12752;NO
12753;NO
12754;NO
12755;NO
12756;NO
12757;NO
12758;NO
12759;NO
12760;NO
12761;NO
12762;NO
12763;NO
12764;NO
12765;NO
12766;NO
12767;NO
12768;NO
12769;NO
12770;NO
12771;NO
12772;NO
12773;NO
12774;NO
12780;NO
12782;NO
12783;NO
12784;NO
12786;NO
12787;NO
12788;NO
12791;NO
12793;NO
12795;NO
12796;NO
12797;NO
12799;NO
12800;NO
12801;NO
12802;NO
12803;NO
12805;NO
12806;NO
12808;NO
12810;NO
12811;NO
12812;NO
12813;NO
12814;NO
12815;NO
12816;NO
12818;NO
12819;NO
12820;NO
12821;NO
12822;NO
12823;NO
12824;NO
12825;NO
12826;NO
12827;NO
12828;NO
12829;NO
12830;NO
12831;NO
12832;NO
12833;NO
12834;NO
12835;NO
12836;NO
12837;NO
12838;NO
12839;NO
12840;NO
12841;NO
12842;NO
12845;NO
12846;NO
12847;NO
12848;NO
12849;NO
12850;NO
12852;NO
12853;NO
12860_A;NO
12860_B;NO
12860_C;NO
12860_D;NO
12889;NO
12907;NO
12908;NO
12912;NO
12913;NO
12914;NO
12915;NO
12916;NO
12918;NO
12923;NO
12924;NO
12925;NO
12927;NO
12928;NO
12930;NO
12931_A;NO
12931_B;NO
12933;NO
12934;NO
12935_A;NO
12935_B;NO
12936;NO
12937;NO
5709;NO
5798_A;NO
5798_B;NO
6216;NO
6238;NO
6321;NO
6345;NO
6829;NO
7298_A;NO
7298_B;NO
7298_C;NO
7298_D;NO
7298_E;NO
7325;NO
13077_A;NO
13077_B;NO
13077_C;NO
13077_D;NO
13078_A;NO
13078_B;NO
13078_C;NO
13078_D;NO
13079;NO
13080_A;NO
13080_B;NO
13080_C;NO
13081_A;SI
13081_B;NO
13081_C;SI 
13082_A;NO
13082_B;NO
13082_C;NO
13083;NO
13107;NO
13114_A;NO
13114_B;NO
13114_C;NO
13114_D;NO
13115;NO
13117_A;SI
13117_B;NO
13118_A;NO
13118_B;NO
13119_A;NO
13119_B;NO
13120_A;NO
13120_B;NO
13120_C;NO
13121_A;NO
13121_B;NO
13121_C;NO
13124;SI
8021_A;NO
8021_B;NO
8047_A;NO
8047_B;SI 
8047_C;NO
8084_A;NO
8084_B;NO
8084_C;NO
8084_D;NO
8092;NO
8102_A;NO
8102_B;NO
8102_C;NO
8102_D;NO
8104_A;NO
8104_B;NO
8104_C;NO
8104_D;NO
8104_E;NO
8104_F;NO
8104_G;NO
8104_H;NO
8104_I;NO
8111;NO
8117;NO
8118_A;NO
8118_B;NO
8118_C;NO
8121_A;NO
8121_B;NO
8121_C;NO
8121_D;NO
8121_E;SI
8121_F;SI
8121_G;NO
8121_H;NO
8121_I;NO
8123_A;NO
8123_B;NO
8124_A;NO
8124_B;NO
8128_A;NO
8128_B;NO
8128_C;NO
8128_D;NO
8128_E;NO
8129_A;NO
8129_B;NO
8132_A;NO
8132_B;NO
8132_C;NO
8132_D;SI
8132_E;NO
8133_A;NO
8133_B;NO
8133_C;NO
8133_D;NO
8133_E;NO
8135_A;SI
8135_B;NO
8135_C;NO
8135_D;NO
8135_E;NO
8138_A;NO
8138_B;NO
8138_C;NO
8141_A;SI
8141_B;NO
8141_C;NO
8143_A;NO
8143_B;NO
8143_C;NO
8148_A;NO
8148_B;NO
8152_A;NO
8152_B;NO
8152_C;NO
8158;NO
8159;NO
8160_A;NO
8160_B;NO
8161_A;NO
8161_B;NO
8161_C;NO
8161_D;NO
8162_A;SI
8162_B;NO
8164_A;NO
8164_B;NO
8165_A;NO
8165_B;SI 
8167_A;NO
8167_B;SI
8167_C;NO
8168_A;SI
8168_B;NO
8168_C;NO
8168_D;NO
8175_A;NO
8175_B;NO
8175_C;SI
8175_D;NO
8390_A;NO
8390_B;NO
8390_C;NO
8390_D;NO
8390_E;NO
8516;NO
8518_A;SI 
8518_B;NO
8518_C;NO
8536_A;NO
8536_B;NO
9763;NO
9767_A;SI
9767_B;NO
9767_C;NO
9767_D;NO
9767_E;NO
9767_F;NO
9767_G;SI
9767_H;NO
9768;SI
9769_A;SI
9769_B;SI 
9769_C;NO
9769_D;NO
9769_E;NO
9769_F;SI
9769_G;NO
9769_H;SI
9769_I;NO
9769_J;NO
9769_K;NO
9769_L;NO
9769_M;NO
9769_Ñ;NO
9769_O;SI
13110;NO
13113;NO
13116_A;NO
13116_B;NO
13116_C;SI 
13116_D;NO
7662;NO
7663;NO
7666;NO
7670;NO
7672;NO
7673;NO
7674;NO
7676;NO
7677;SI
7678;NO
7679;NO
7684;NO
7685;NO
7686;NO
7687;NO
7688;SI
7689;NO
7692;NO
7694;NO
7695;NO
7696;NO
7697;NO
7699;NO
7700;NO
7706;NO
7707;NO
7710;NO
7713;NO
7717;NO
7718_A;NO
7718_B;NO
7719;NO
7722;NO
7728;NO
7730;SI
7732;NO
7733;NO
7734;SI
7737;SI 
7739_A;NO
7739_B;NO
7743;NO
7744;NO
7745;SI 
7746;SI 
7747;NO
7749;SI 
7753;SI 
7754;NO
7756;NO
7760;SI 
7761;SI
7762_A;NO
7762_B;SI
7762_C;NO
7762_D;SI
7762_E;NO
7767_A;NO
7767_B;NO
7804;SI 
7809;NO
7833;NO
7918;SI 
7925;NO
7926;SI
7932;NO
7977_A;SI
7977_B;SI
7977_C;SI
7977_D;NO
7977_E;SI
7978;SI
7979;NO
7980;NO
7982;SI 
7985;NO
7989;NO
7992;NO
7993;NO
7997;SI 
7998;NO
9761;NO
9762;NO
8016_A;NO
8016_B;NO
8016_C;NO
8016_D;SI
8017_A;NO
8017_B;NO
8018_A;NO
8018_B;NO
8019_A;SI
8019_B;NO
8019_C;NO
8019_D;NO
8020_A;NO
8020_B;NO
8020_C;NO
8020_D;NO
8020_E;SI
8020_F;NO
8020_G;SI
8025;SI
8053_A;NO
8053_B;NO
8053_C;NO
8053_D;NO
8063;NO
8068_A;SI 
8068_B;NO
8068_C;NO
8068_D;SI
8068_E;NO
8068_F;SI
8068_G;NO
8068_H;NO
8068_I;NO
8068_J;NO
8068_K;SI
8085_A;SI
8085_B;NO
8145_A;SI
8145_B;NO
8145_C;NO
8146_A;NO
8146_B;NO
8146_C;NO
8146_D;SI
8146_E;NO
8146_F;NO
8146_G;SI
8146_H;SI
8146_I;NO
8146_J;NO
8147;NO
8149_A;NO
8149_B;NO
8150;NO
8151_A;NO
8151_B;NO
8151_C;NO
8151_D;NO
8151_E;NO
8151_F;NO
8151_G;NO
8151_H;NO
8151_I;SI 
8151_J;NO
8151_K;NO
8151_L;SI
8151_M;NO
8154_A;NO
8154_B;NO
8154_C;NO
8154_D;NO
8154_E;NO
8155_A;NO
8155_B;NO
8156_A;NO
8156_B;NO
8156_C;NO
8156_D;NO
8157;NO
8166;SI
8170_A;NO
8170_B;NO
8170_C;NO
8170_D;SI
8170_E;NO
8170_F;SI
8515_A;NO
8515_B;NO
8515_C;NO
9765_A;NO
9765_B;NO
10353;NO
10384;NO
10542;NO
10600;NO
11732;NO
9833;NO
10001_A;NO
10001_B;NO
10001_C;NO
10001_D;NO
10004_A;NO
10004_B;NO
10004_C;NO
10004_D;SI
10005;NO
10006_A;NO
10006_B;NO
10006_C;NO
10006_D;NO
10006_E;NO
10006_F;NO
10006_G;NO
10006_H;NO
10006_I;NO
10006_J;NO
10008;NO
10016_A;NO
10016_B;NO
10023_A;NO
10023_B;NO
10024_A;NO
10024_B;NO
10025_A;NO
10025_B;NO
10026_A;NO
10026_B;NO
10026_C;NO
10026_D;NO
10026_E;NO
10027;NO
10029;NO
10037_A;NO
10037_B;NO
10037_C;NO
10037_D;NO
10041;NO
10044;NO
10045_A;NO
10045_B;NO
10045_C;NO
10045_D;NO
10051;NO
10053;NO
10061_A;NO
10061_B;NO
10062;NO
10066_A;NO
10066_B;NO
10066_C;NO
10066_D;NO
10066_E;NO
10067;NO
10070_A;NO
10070_B;NO
10072;NO
10073;SI
10084;SI
10085;NO
10089;NO
10090;NO
10092_A;NO
10092_B;NO
10093;NO
10094;NO
10095;NO
10097_A;NO
10097_B;NO
10098;NO
10100;NO
10101;NO
10108;SI 
10111;NO
10116_A;NO
10116_B;SI
10122_A;NO
10122_B;NO
10122_C;NO
10126;NO
10127;NO
10129;NO
10135;NO
10140;NO
10145;NO
10150_A;NO
10150_B;NO
10150_C;NO
10150_D;NO
10152_A;NO
10152_B;NO
10155;NO
10159;NO
10161_A;NO
10161_B;NO
10161_C;NO
10162;NO
10163;SI 
10165_A;NO
10165_B;NO
10167_A;NO
10167_B;NO
10169;NO
10172;NO
10174;NO
10176;NO
10183;NO
10185_A;NO
10185_B;NO
10188_A;NO
10188_B;NO
10188_C;NO
10188_D;NO
10190;NO
10195;NO
10204;NO
10206;NO
10208;NO
10211_A;NO
10211_B;NO
10211_C;NO
10212_A;NO
10212_B;NO
10213;NO
10215;NO
10216;NO
10217_A;NO
10217_B;NO
10217_C;NO
10218_A;NO
10218_B;NO
10218_C;NO
10218_D;NO
10218_E;NO
10225_A;NO
10225_B;NO
10225_C;NO
10225_D;NO
10227_A;NO
10227_B;NO
10227_C;NO
10230_A;NO
10230_B;NO
10232_A;NO
10232_B;NO
10232_C;NO
10232_D;NO
10236_A;NO
10236_B;NO
10236_C;NO
10236_D;NO
10238;NO
10242_A;NO
10242_B;NO
10242_C;NO
10243;SI 
10244;NO
10247;NO
10248;NO
10249;NO
10250;NO
10253;NO
10257;NO
10260_A;NO
10260_B;NO
10261;NO
10262;NO
10266;NO
10267;NO
10276;NO
10284;NO
10288_A;NO
10288_B;NO
10288_C;NO
10289;NO
10290;NO
10291_A;NO
10291_B;NO
10291_C;NO
10291_D;NO
10296_A;NO
10296_B;NO
10299_A;NO
10299_B;NO
10299_C;NO
10304;NO
10305;NO
10306;NO
10308_A;NO
10308_B;NO
10309;NO
10312;NO
10315;NO
10316;NO
10319;NO
10321_A;NO
10321_B;NO
10322;NO
10323;NO
10325;NO
10327;SI 
10330_A;NO
10330_B;NO
10330_C;NO
10331_A;NO
10331_B;NO
10334_A;NO
10334_B;NO
10334_C;NO
10334_D;NO
10339;NO
10340;NO
10341;NO
10343;NO
10344;NO
10345;SI 
10350;NO
10359;NO
10361_A;NO
10361_B;NO
10361_C;NO
10367;NO
10368;NO
10371_A;NO
10371_B;NO
10372;NO
10374;NO
10375;NO
10376;NO
10378;NO
10381;NO
10383;NO
10385_A;NO
10385_B;NO
10389_A;SI 
10389_B;NO
10389_C;NO
10391;NO
10396;NO
10399;NO
10407;NO
10433;NO
10439;NO
10442_A;NO
10442_B;NO
10442_C;NO
10443_A;NO
10443_B;NO
10444;NO
10447;NO
10449;NO
10454_A;NO
10454_B;NO
10454_C;NO
10455;NO
10456_A;NO
10456_B;NO
10457;NO
10460;NO
10463_A;NO
10463_B;NO
10465;NO
10469;NO
10471;NO
10472_A;NO
10472_B;NO
10472_C;NO
10473;NO
10474;NO
10476_A;NO
10476_B;NO
10476_C;NO
10476_D;NO
10481;NO
10486;NO
10490;NO
10493;NO
10501_A;NO
10501_B;NO
10502;NO
10509;NO
10511;NO
10518;NO
10522;NO
10523_A;NO
10523_B;NO
10523_C;NO
10523_D;NO
10523_E;NO
10523_F;NO
10524;NO
10525_A;NO
10525_B;NO
10538;NO
10562_A;NO
10562_B;NO
10562_C;NO
10562_D;NO
10562_E;NO
10562_F;NO
10562_G;NO
10563;NO
10564;NO
10565;NO
10570;NO
10574_A;NO
10574_B;NO
10574_C;NO
10576_A;NO
10576_B;NO
10579;NO
10583;NO
10586_A;NO
10586_B;NO
10586_C;NO
10587;NO
10591;NO
10593_A;NO
10593_B;NO
10594;NO
10602;NO
10603_A;NO
10603_B;NO
10613_A;NO
10613_B;NO
10613_C;NO
10613_D;NO
10613_E;NO
10620_A;NO
10620_B;NO
10620_C;NO
10624;NO
10625;NO
10631;NO
10632_A;NO
10632_B;NO
10634;NO
10635;NO
10637;NO
10641_A;NO
10641_B;NO
10641_C;NO
10641_D;NO
10642_A;NO
10642_B;NO
10642_C;NO
10644_A;NO
10644_B;NO
10645;NO
10646;NO
10647_A;NO
10647_B;NO
10647_C;SI 
10650_A;NO
10650_B;NO
10651;SI 
10654_A;NO
10654_B;NO
10663;NO
10664;NO
10665_A;NO
10665_B;NO
10672;NO
10673_A;NO
10673_B;NO
10673_C;NO
10674;NO
10680_A;NO
10680_B;NO
10686;NO
10688;NO
10694;NO
10695;NO
10696;NO
10697;NO
10699;NO
10702;NO
10705_A;NO
10705_B;NO
10708;NO
10713;NO
10716;NO
10720_A;NO
10720_B;NO
10720_C;NO
10721;NO
10723;NO
10745;NO
10757;NO
10763_A;NO
10763_B;NO
10763_C;NO
10766;NO
10768;NO
10769;NO
10770;NO
10771;NO
10772_A;NO
10772_B;NO
10772_C;NO
10772_D;NO
10772_E;NO
10772_F;NO
10772_G;NO
10772_H;NO
10772_I;SI
10772_J;NO
10772_K;NO
10775;NO
10780;NO
10783_A;NO
10783_B;SI 
10784;NO
10785_A;NO
10785_B;NO
10785_C;SI
10787_A;NO
10787_B;NO
10787_C;NO
10789_A;NO
10789_B;NO
10793;NO
10794_A;NO
10794_B;NO
10797;NO
10799_A;NO
10799_B;NO
10801_A;NO
10801_B;NO
10802;NO
10805_A;NO
10805_B;NO
10812_A;SI
10812_B;NO
10820_A;NO
10820_B;NO
10820_C;NO
10826_A;NO
10826_B;NO
10837;NO
10839;NO
10840;NO
10844;NO
10848;NO
10852_A;NO
10852_B;NO
10852_C;NO
10852_D;NO
10852_E;NO
10852_F;NO
10853;NO
10854;NO
10856;NO
10858_A;NO
10858_B;NO
10858_C;NO
10858_D;NO
10861;NO
10863;NO
10867;NO
10869_A;NO
10869_B;NO
10869_C;NO
10870_A;NO
10870_B;NO
10870_C;NO
10870_D;NO
10870_E;NO
10870_F;NO
10871_A;NO
10871_B;NO
10886;NO
10895;NO
10900;NO
10903;NO
10904;NO
10914_A;NO
10914_B;NO
10914_C;NO
10914_D;NO
10914_E;NO
10914_F;NO
10915;NO
10916;NO
10917_A;NO
10917_B;NO
10920_A;NO
10920_B;NO
10920_C;NO
10922;NO
10925_A;NO
10925_B;NO
10925_C;NO
10925_D;NO
10929;NO
10930;NO
10934;NO
10938_A;NO
10938_B;NO
10938_C;NO
10938_D;NO
10938_E;NO
10938_F;NO
10941;NO
10961;NO
10968;NO
10972_A;NO
10972_B;NO
10972_C;NO
10973;NO
10978_A;NO
10978_B;NO
10980;NO
10986_A;NO
10986_B;NO
10986_C;NO
10987;NO
10988;NO
10990_A;NO
10990_B;NO
10995_A;NO
10995_B;NO
10995_C;NO
10996_A;NO
10996_B;NO
10996_C;NO
10997;NO
11034;NO
11035_A;NO
11035_B;NO
11046_A;NO
11046_B;NO
11051_A;NO
11051_B;NO
11056;NO
11058;NO
11067_A;NO
11067_B;NO
11067_C;NO
11098;NO
11106;NO
11116_A;NO
11116_B;NO
11127;NO
11139;NO
11144_A;NO
11144_B;NO
11145_A;NO
11145_B;NO
11145_C;NO
11145_D;NO
11150;NO
11153_A;NO
11153_B;NO
11158;NO
11160;NO
11163;NO
11169_A;NO
11169_B;NO
11169_C;NO
11170_A;NO
11170_B;NO
11175;NO
11179;NO
11185;NO
11201;NO
11214_A;NO
11214_B;NO
11214_C;NO
11223;NO
11233;NO
11235;NO
11243;NO
11245;NO
11247;NO
11249;NO
11250;NO
11255;SI
11256;NO
11261;NO
11269_A;NO
11269_B;NO
11273_A;NO
11273_B;NO
11274;NO
11286_A;NO
11286_B;NO
11294;NO
11298;NO
11303_A;NO
11303_B;NO
11316;NO
11329_A;NO
11329_B;NO
11329_C;NO
11329_D;NO
11339_A;NO
11339_B;NO
11339_C;NO
11350_A;NO
11350_B;NO
11357;NO
11358;NO
11363_A;NO
11363_B;NO
11364;NO
11367_A;NO
11367_B;NO
11367_C;NO
11367_D;NO
11368;NO
11372_A;NO
11372_B;NO
11374_A;NO
11374_B;NO
11374_C;NO
11374_D;NO
11380;NO
11387;NO
11388;NO
11389;NO
11392;NO
11393_A;NO
11393_B;NO
11393_C;NO
11397;NO
11398;NO
11407;NO
11409_A;NO
11409_B;NO
11409_C;NO
11409_D;NO
11415_A;NO
11415_B;NO
11416_A;NO
11416_B;NO
11421;NO
11423_A;NO
11423_B;NO
11423_C;NO
11426_A;NO
11426_B;NO
11429_A;NO
11429_B;NO
11432_A;NO
11432_B;NO
11433_A;NO
11433_B;NO
11437;NO
11438_A;NO
11438_B;NO
11438_C;NO
11438_D;NO
11450_A;NO
11450_B;NO
11453;NO
11457_A;NO
11457_B;NO
11457_C;NO
11460_A;NO
11460_B;NO
11470;NO
11475;NO
11486;NO
11487_A;NO
11487_B;NO
11487_C;NO
11488_A;NO
11488_B;NO
11488_C;NO
11488_D;NO
11488_E;NO
11488_F;NO
11489;NO
11494_A;NO
11494_B;NO
11494_C;NO
11509;NO
11512;NO
11514;NO
11516;NO
11517;NO
11521;NO
11530_A;NO
11530_B;NO
11530_C;NO
11531;NO
11533;NO
11535;NO
11536;NO
11541;NO
11544_A;NO
11544_B;NO
11546;NO
11547;NO
11548;NO
11551;NO
11557;NO
11560_A;NO
11560_B;NO
11560_C;NO
11567;NO
11569_A;NO
11572;NO
11581;NO
11603_A;NO
11603_B;NO
11605_A;NO
11605_B;NO
11622_A;NO
11622_B;NO
11622_C;NO
11623;NO
11624;NO
11631_A;NO
11631_B;NO
11631_C;NO
11638;NO
11642;NO
11645;SI
11650;NO
11668_A;NO
11668_B;NO
11675;NO
11676;NO
11681;NO
11685;NO
11690;NO
11701;NO
11702;NO
11704_A;NO
11704_B;NO
11704_C;NO
11705_A;NO
11705_B;NO
11705_C;NO
11705_D;NO
11708;NO
11710;NO
11716;NO
11723;NO
11724;NO
11725;NO
11727;NO
11736_A;NO
11736_B;NO
11737_A;NO
11737_B;NO
11737_C;NO
11738_A;NO
11738_B;NO
11744;NO
11750;NO
11751;NO
11764;NO
11786_A;NO
11786_B;NO
11786_C;SI 
11787;NO
11791;NO
11793;NO
11800;NO
11804;NO
11807;NO
11813_A;NO
11813_B;NO
11829;NO
11836_A;NO
11836_B;NO
11836_C;NO
11836_D;NO
11840;NO
11847_A;NO
11847_B;NO
11847_C;NO
11847_D;NO
11858;NO
11876_A;NO
11876_B;NO
11876_C;NO
11876_D;NO
11877;NO
11889_A;NO
11889_B;NO
11889_C;NO
11892_A;NO
11892_B;NO
11892_C;NO
11899;NO
11905_A;NO
11905_B;NO
11907_A;NO
11907_B;NO
11907_C;NO
11907_D;NO
11908_A;NO
11908_B;NO
11908_C;NO
11908_D;NO
11913_A;NO
11913_B;NO
11913_C;NO
11913_D;NO
11916;NO
11918;NO
11922;NO
11958;NO
11960;NO
11967;NO
11974;NO
11978;NO
11979;NO
11982;NO
11985;NO
11989;SI
11993;NO
11999;NO
12000_A;NO
12000_B;NO
12000_C;NO
12012;NO
12025_A;NO
12025_B;NO
12028_A;NO
12028_B;NO
12028_C;NO
12037;NO
12039;NO
12040_A;NO
12040_B;NO
12040_C;NO
12045;NO
12047;NO
12049;NO
12057;NO
12061;NO
12063;NO
12096;NO
12115;NO
12133_A;NO
12133_B;NO
12171_A;NO
12171_B;NO
12172;NO
12181;NO
12191;SI
12211;NO
12233;NO
12248_A;NO
12248_B;NO
12248_C;NO
12248_D;NO
12252;NO
12258;NO
12261;NO
9774_A;NO
9774_B;NO
9774_C;NO
9774_D;NO
9774_E;NO
9774_F;NO
9774_G;NO
9775_A;NO
9775_B;NO
9775_C;NO
9777_A;NO
9777_B;NO
9779_A;NO
9779_B;NO
9780;NO
9782;NO
9785_A;NO
9785_B;NO
9788_A;NO
9788_B;NO
9788_C;NO
9788_D;NO
9789;NO
9792_A;NO
9792_B;NO
9794_A;NO
9794_B;NO
9796;NO
9799;NO
9803_A;NO
9803_B;NO
9805;NO
9806_A;NO
9806_B;NO
9809;NO
9813;NO
9817_A;NO
9817_B;NO
9817_C;NO
9819_A;NO
9819_B;NO
9819_C;NO
9822;NO
9824_A;NO
9824_B;NO
9824_C;SI
9824_D;NO
9829_A;NO
9829_B;NO
9830;NO
9831;NO
9832_A;NO
9832_B;NO
9832_C;NO
9842_A;NO
9842_B;NO
9842_C;NO
9844_A;NO
9844_B;NO
9845;NO
9846;NO
9849_A;SI
9849_B;NO
9854;NO
9863;NO
9871;NO
9872;NO
9876_A;NO
9876_B;NO
9876_C;NO
9878;NO
9881;NO
9882;SI
9887;NO
9888_A;NO
9888_B;NO
9890;NO
9891;NO
9896_A;NO
9896_B;NO
9904_A;NO
9904_B;NO
9905;NO
9912_A;NO
9912_B;NO
9912_C;NO
9915;NO
9916;NO
9918_A;NO
9918_B;NO
9918_C;SI
9918_D;NO
9918_E;NO
9919;NO
9925;NO
9930_A;NO
9930_B;NO
9931_A;NO
9931_B;NO
9933;NO
9940;NO
9943;NO
9945;NO
9952_A;NO
9952_B;NO
9954;NO
9955;SI
9956;NO
9958_A;NO
9958_B;NO
9958_C;NO
9962;NO
9963_A;NO
9963_B;NO
9963_C;NO
9963_D;NO
9964;NO
9967;NO
9968;SI
9971_A;NO
9971_B;NO
9973_A;NO
9973_B;NO
9973_C;NO
9973_D;NO
9973_E;NO
9981_A;NO
9981_B;NO
9983;NO
9986;NO
9987;NO
9988;NO
9989_A;NO
9989_B;NO
9991_A;NO
9991_B;NO
9993;NO
9995;NO
9998;NO
9999_A;NO
9999_B;NO
10175;NO
10328;NO
10798;NO
10803_A;NO
10803_B;NO
10803_C;NO
10803_D;NO
11278;NO
12228;NO